source_domain,source,source_id,target_domain,target,target_id,relationship,code
Common,Collaboration,collaboration,Common,Collaboration,collaboration,Composition,C
Common,Collaboration,collaboration,Common,Collaboration,collaboration,Aggregation,G
Common,Collaboration,collaboration,Common,Collaboration,collaboration,Association,O
Common,Collaboration,collaboration,Common,Collaboration,collaboration,Specialization,S
Common,Collaboration,collaboration,Common,Event,event,Association,O
Common,Collaboration,collaboration,Common,Function,function,Assignment,I
Common,Collaboration,collaboration,Common,Function,function,Association,O
Common,Collaboration,collaboration,Common,Grouping,grouping,Composition,C
Common,Collaboration,collaboration,Common,Grouping,grouping,Aggregation,G
Common,Collaboration,collaboration,Common,Grouping,grouping,Assignment,I
Common,Collaboration,collaboration,Common,Grouping,grouping,Realization,R
Common,Collaboration,collaboration,Common,Grouping,grouping,Serving,V
Common,Collaboration,collaboration,Common,Grouping,grouping,Access,A
Common,Collaboration,collaboration,Common,Grouping,grouping,Influence,N
Common,Collaboration,collaboration,Common,Grouping,grouping,Association,O
Common,Collaboration,collaboration,Common,Grouping,grouping,Specialization,S
Common,Collaboration,collaboration,Common,Grouping,grouping,Flow,F
Common,Collaboration,collaboration,Common,Grouping,grouping,Triggering,T
Common,Collaboration,collaboration,Common,Location,location,Association,O
Common,Collaboration,collaboration,Common,Path,path,Realization,R
Common,Collaboration,collaboration,Common,Path,path,Association,O
Common,Collaboration,collaboration,Common,Process,process,Assignment,I
Common,Collaboration,collaboration,Common,Process,process,Association,O
Common,Collaboration,collaboration,Common,Role,role,Composition,C
Common,Collaboration,collaboration,Common,Role,role,Aggregation,G
Common,Collaboration,collaboration,Common,Role,role,Assignment,I
Common,Collaboration,collaboration,Common,Role,role,Association,O
Common,Collaboration,collaboration,Common,Service,service,Association,O
Common,Collaboration,collaboration,Motivation,Assessment,assessment,Association,O
Common,Collaboration,collaboration,Motivation,Driver,driver,Association,O
Common,Collaboration,collaboration,Motivation,Goal,goal,Association,O
Common,Collaboration,collaboration,Motivation,Meaning,meaning,Association,O
Common,Collaboration,collaboration,Motivation,Outcome,outcome,Association,O
Common,Collaboration,collaboration,Motivation,Principle,principle,Association,O
Common,Collaboration,collaboration,Motivation,Requirement,requirement,Association,O
Common,Collaboration,collaboration,Motivation,Stakeholder,stakeholder,Association,O
Common,Collaboration,collaboration,Motivation,Value,value,Association,O
Common,Collaboration,collaboration,Strategy,Capability,capability,Association,O
Common,Collaboration,collaboration,Strategy,Course of Action,course-of-action,Association,O
Common,Collaboration,collaboration,Strategy,Resource,resource,Association,O
Common,Collaboration,collaboration,Strategy,Value Stream,value-stream,Association,O
Common,Collaboration,collaboration,Business,Business Actor,business-actor,Association,O
Common,Collaboration,collaboration,Business,Business Interface,business-interface,Composition,C
Common,Collaboration,collaboration,Business,Business Interface,business-interface,Aggregation,G
Common,Collaboration,collaboration,Business,Business Interface,business-interface,Association,O
Common,Collaboration,collaboration,Business,Business Object,business-object,Association,O
Common,Collaboration,collaboration,Business,Product,product,Association,O
Common,Collaboration,collaboration,Application,Application Component,application-component,Association,O
Common,Collaboration,collaboration,Application,Application Interface,application-interface,Composition,C
Common,Collaboration,collaboration,Application,Application Interface,application-interface,Aggregation,G
Common,Collaboration,collaboration,Application,Application Interface,application-interface,Association,O
Common,Collaboration,collaboration,Application,Data Object,data-object,Association,O
Common,Collaboration,collaboration,Technology,Artifact,artifact,Association,O
Common,Collaboration,collaboration,Technology,Communication Network,communication-network,Association,O
Common,Collaboration,collaboration,Technology,Device,device,Association,O
Common,Collaboration,collaboration,Technology,Distribution Network,distribution-network,Association,O
Common,Collaboration,collaboration,Technology,Equipment,equipment,Association,O
Common,Collaboration,collaboration,Technology,Facility,facility,Association,O
Common,Collaboration,collaboration,Technology,Material,material,Association,O
Common,Collaboration,collaboration,Technology,Node,technology-node,Association,O
Common,Collaboration,collaboration,Technology,System Software,system-software,Association,O
Common,Collaboration,collaboration,Technology,Technology Interface,technology-interface,Composition,C
Common,Collaboration,collaboration,Technology,Technology Interface,technology-interface,Aggregation,G
Common,Collaboration,collaboration,Technology,Technology Interface,technology-interface,Association,O
Common,Collaboration,collaboration,Implementation & Migration,Deliverable,deliverable,Association,O
Common,Collaboration,collaboration,Implementation & Migration,Plateau,plateau,Association,O
Common,Collaboration,collaboration,Implementation & Migration,Work Package,work-package,Association,O
Common,Event,event,Common,Collaboration,collaboration,Association,O
Common,Event,event,Common,Event,event,Composition,C
Common,Event,event,Common,Event,event,Aggregation,G
Common,Event,event,Common,Event,event,Association,O
Common,Event,event,Common,Event,event,Specialization,S
Common,Event,event,Common,Function,function,Association,O
Common,Event,event,Common,Function,function,Flow,F
Common,Event,event,Common,Function,function,Triggering,T
Common,Event,event,Common,Grouping,grouping,Composition,C
Common,Event,event,Common,Grouping,grouping,Aggregation,G
Common,Event,event,Common,Grouping,grouping,Assignment,I
Common,Event,event,Common,Grouping,grouping,Realization,R
Common,Event,event,Common,Grouping,grouping,Serving,V
Common,Event,event,Common,Grouping,grouping,Access,A
Common,Event,event,Common,Grouping,grouping,Influence,N
Common,Event,event,Common,Grouping,grouping,Association,O
Common,Event,event,Common,Grouping,grouping,Specialization,S
Common,Event,event,Common,Grouping,grouping,Flow,F
Common,Event,event,Common,Grouping,grouping,Triggering,T
Common,Event,event,Common,Location,location,Association,O
Common,Event,event,Common,Path,path,Association,O
Common,Event,event,Common,Process,process,Association,O
Common,Event,event,Common,Process,process,Flow,F
Common,Event,event,Common,Process,process,Triggering,T
Common,Event,event,Common,Role,role,Association,O
Common,Event,event,Common,Service,service,Association,O
Common,Event,event,Common,Service,service,Flow,F
Common,Event,event,Common,Service,service,Triggering,T
Common,Event,event,Motivation,Assessment,assessment,Association,O
Common,Event,event,Motivation,Driver,driver,Association,O
Common,Event,event,Motivation,Goal,goal,Influence,N
Common,Event,event,Motivation,Goal,goal,Association,O
Common,Event,event,Motivation,Meaning,meaning,Association,O
Common,Event,event,Motivation,Outcome,outcome,Association,O
Common,Event,event,Motivation,Principle,principle,Association,O
Common,Event,event,Motivation,Requirement,requirement,Realization,R
Common,Event,event,Motivation,Requirement,requirement,Influence,N
Common,Event,event,Motivation,Requirement,requirement,Association,O
Common,Event,event,Motivation,Stakeholder,stakeholder,Association,O
Common,Event,event,Motivation,Value,value,Association,O
Common,Event,event,Strategy,Capability,capability,Association,O
Common,Event,event,Strategy,Course of Action,course-of-action,Association,O
Common,Event,event,Strategy,Resource,resource,Association,O
Common,Event,event,Strategy,Value Stream,value-stream,Association,O
Common,Event,event,Business,Business Actor,business-actor,Association,O
Common,Event,event,Business,Business Interface,business-interface,Association,O
Common,Event,event,Business,Business Object,business-object,Access,A
Common,Event,event,Business,Business Object,business-object,Association,O
Common,Event,event,Business,Product,product,Association,O
Common,Event,event,Application,Application Component,application-component,Association,O
Common,Event,event,Application,Application Interface,application-interface,Association,O
Common,Event,event,Application,Data Object,data-object,Access,A
Common,Event,event,Application,Data Object,data-object,Association,O
Common,Event,event,Technology,Artifact,artifact,Access,A
Common,Event,event,Technology,Artifact,artifact,Association,O
Common,Event,event,Technology,Communication Network,communication-network,Association,O
Common,Event,event,Technology,Device,device,Association,O
Common,Event,event,Technology,Distribution Network,distribution-network,Association,O
Common,Event,event,Technology,Equipment,equipment,Association,O
Common,Event,event,Technology,Facility,facility,Association,O
Common,Event,event,Technology,Material,material,Access,A
Common,Event,event,Technology,Material,material,Association,O
Common,Event,event,Technology,Node,technology-node,Association,O
Common,Event,event,Technology,System Software,system-software,Association,O
Common,Event,event,Technology,Technology Interface,technology-interface,Association,O
Common,Event,event,Implementation & Migration,Deliverable,deliverable,Access,A
Common,Event,event,Implementation & Migration,Deliverable,deliverable,Association,O
Common,Event,event,Implementation & Migration,Plateau,plateau,Association,O
Common,Event,event,Implementation & Migration,Plateau,plateau,Triggering,T
Common,Event,event,Implementation & Migration,Work Package,work-package,Association,O
Common,Event,event,Implementation & Migration,Work Package,work-package,Flow,F
Common,Event,event,Implementation & Migration,Work Package,work-package,Triggering,T
Common,Function,function,Common,Collaboration,collaboration,Association,O
Common,Function,function,Common,Event,event,Association,O
Common,Function,function,Common,Event,event,Flow,F
Common,Function,function,Common,Event,event,Triggering,T
Common,Function,function,Common,Function,function,Composition,C
Common,Function,function,Common,Function,function,Aggregation,G
Common,Function,function,Common,Function,function,Association,O
Common,Function,function,Common,Function,function,Specialization,S
Common,Function,function,Common,Function,function,Flow,F
Common,Function,function,Common,Function,function,Triggering,T
Common,Function,function,Common,Grouping,grouping,Composition,C
Common,Function,function,Common,Grouping,grouping,Aggregation,G
Common,Function,function,Common,Grouping,grouping,Assignment,I
Common,Function,function,Common,Grouping,grouping,Realization,R
Common,Function,function,Common,Grouping,grouping,Serving,V
Common,Function,function,Common,Grouping,grouping,Access,A
Common,Function,function,Common,Grouping,grouping,Influence,N
Common,Function,function,Common,Grouping,grouping,Association,O
Common,Function,function,Common,Grouping,grouping,Specialization,S
Common,Function,function,Common,Grouping,grouping,Flow,F
Common,Function,function,Common,Grouping,grouping,Triggering,T
Common,Function,function,Common,Location,location,Association,O
Common,Function,function,Common,Path,path,Association,O
Common,Function,function,Common,Process,process,Composition,C
Common,Function,function,Common,Process,process,Aggregation,G
Common,Function,function,Common,Process,process,Association,O
Common,Function,function,Common,Process,process,Flow,F
Common,Function,function,Common,Process,process,Triggering,T
Common,Function,function,Common,Role,role,Association,O
Common,Function,function,Common,Service,service,Realization,R
Common,Function,function,Common,Service,service,Association,O
Common,Function,function,Motivation,Assessment,assessment,Association,O
Common,Function,function,Motivation,Driver,driver,Association,O
Common,Function,function,Motivation,Goal,goal,Influence,N
Common,Function,function,Motivation,Goal,goal,Association,O
Common,Function,function,Motivation,Meaning,meaning,Association,O
Common,Function,function,Motivation,Outcome,outcome,Association,O
Common,Function,function,Motivation,Principle,principle,Association,O
Common,Function,function,Motivation,Requirement,requirement,Realization,R
Common,Function,function,Motivation,Requirement,requirement,Influence,N
Common,Function,function,Motivation,Requirement,requirement,Association,O
Common,Function,function,Motivation,Stakeholder,stakeholder,Association,O
Common,Function,function,Motivation,Value,value,Association,O
Common,Function,function,Strategy,Capability,capability,Realization,R
Common,Function,function,Strategy,Capability,capability,Association,O
Common,Function,function,Strategy,Course of Action,course-of-action,Realization,R
Common,Function,function,Strategy,Course of Action,course-of-action,Association,O
Common,Function,function,Strategy,Resource,resource,Association,O
Common,Function,function,Strategy,Value Stream,value-stream,Realization,R
Common,Function,function,Strategy,Value Stream,value-stream,Association,O
Common,Function,function,Business,Business Actor,business-actor,Association,O
Common,Function,function,Business,Business Interface,business-interface,Association,O
Common,Function,function,Business,Business Object,business-object,Access,A
Common,Function,function,Business,Business Object,business-object,Association,O
Common,Function,function,Business,Product,product,Association,O
Common,Function,function,Application,Application Component,application-component,Association,O
Common,Function,function,Application,Application Interface,application-interface,Association,O
Common,Function,function,Application,Data Object,data-object,Access,A
Common,Function,function,Application,Data Object,data-object,Association,O
Common,Function,function,Technology,Artifact,artifact,Access,A
Common,Function,function,Technology,Artifact,artifact,Association,O
Common,Function,function,Technology,Communication Network,communication-network,Association,O
Common,Function,function,Technology,Device,device,Association,O
Common,Function,function,Technology,Distribution Network,distribution-network,Association,O
Common,Function,function,Technology,Equipment,equipment,Association,O
Common,Function,function,Technology,Facility,facility,Association,O
Common,Function,function,Technology,Material,material,Access,A
Common,Function,function,Technology,Material,material,Association,O
Common,Function,function,Technology,Node,technology-node,Association,O
Common,Function,function,Technology,System Software,system-software,Association,O
Common,Function,function,Technology,Technology Interface,technology-interface,Association,O
Common,Function,function,Implementation & Migration,Deliverable,deliverable,Access,A
Common,Function,function,Implementation & Migration,Deliverable,deliverable,Association,O
Common,Function,function,Implementation & Migration,Plateau,plateau,Association,O
Common,Function,function,Implementation & Migration,Work Package,work-package,Association,O
Common,Grouping,grouping,Common,Collaboration,collaboration,Composition,C
Common,Grouping,grouping,Common,Collaboration,collaboration,Aggregation,G
Common,Grouping,grouping,Common,Collaboration,collaboration,Assignment,I
Common,Grouping,grouping,Common,Collaboration,collaboration,Realization,R
Common,Grouping,grouping,Common,Collaboration,collaboration,Serving,V
Common,Grouping,grouping,Common,Collaboration,collaboration,Access,A
Common,Grouping,grouping,Common,Collaboration,collaboration,Influence,N
Common,Grouping,grouping,Common,Collaboration,collaboration,Association,O
Common,Grouping,grouping,Common,Collaboration,collaboration,Specialization,S
Common,Grouping,grouping,Common,Collaboration,collaboration,Flow,F
Common,Grouping,grouping,Common,Collaboration,collaboration,Triggering,T
Common,Grouping,grouping,Common,Event,event,Composition,C
Common,Grouping,grouping,Common,Event,event,Aggregation,G
Common,Grouping,grouping,Common,Event,event,Assignment,I
Common,Grouping,grouping,Common,Event,event,Realization,R
Common,Grouping,grouping,Common,Event,event,Serving,V
Common,Grouping,grouping,Common,Event,event,Access,A
Common,Grouping,grouping,Common,Event,event,Influence,N
Common,Grouping,grouping,Common,Event,event,Association,O
Common,Grouping,grouping,Common,Event,event,Specialization,S
Common,Grouping,grouping,Common,Event,event,Flow,F
Common,Grouping,grouping,Common,Event,event,Triggering,T
Common,Grouping,grouping,Common,Function,function,Composition,C
Common,Grouping,grouping,Common,Function,function,Aggregation,G
Common,Grouping,grouping,Common,Function,function,Assignment,I
Common,Grouping,grouping,Common,Function,function,Realization,R
Common,Grouping,grouping,Common,Function,function,Serving,V
Common,Grouping,grouping,Common,Function,function,Access,A
Common,Grouping,grouping,Common,Function,function,Influence,N
Common,Grouping,grouping,Common,Function,function,Association,O
Common,Grouping,grouping,Common,Function,function,Specialization,S
Common,Grouping,grouping,Common,Function,function,Flow,F
Common,Grouping,grouping,Common,Function,function,Triggering,T
Common,Grouping,grouping,Common,Grouping,grouping,Composition,C
Common,Grouping,grouping,Common,Grouping,grouping,Aggregation,G
Common,Grouping,grouping,Common,Grouping,grouping,Assignment,I
Common,Grouping,grouping,Common,Grouping,grouping,Realization,R
Common,Grouping,grouping,Common,Grouping,grouping,Serving,V
Common,Grouping,grouping,Common,Grouping,grouping,Access,A
Common,Grouping,grouping,Common,Grouping,grouping,Influence,N
Common,Grouping,grouping,Common,Grouping,grouping,Association,O
Common,Grouping,grouping,Common,Grouping,grouping,Specialization,S
Common,Grouping,grouping,Common,Grouping,grouping,Flow,F
Common,Grouping,grouping,Common,Grouping,grouping,Triggering,T
Common,Grouping,grouping,Common,Location,location,Composition,C
Common,Grouping,grouping,Common,Location,location,Aggregation,G
Common,Grouping,grouping,Common,Location,location,Assignment,I
Common,Grouping,grouping,Common,Location,location,Realization,R
Common,Grouping,grouping,Common,Location,location,Serving,V
Common,Grouping,grouping,Common,Location,location,Access,A
Common,Grouping,grouping,Common,Location,location,Influence,N
Common,Grouping,grouping,Common,Location,location,Association,O
Common,Grouping,grouping,Common,Location,location,Specialization,S
Common,Grouping,grouping,Common,Location,location,Flow,F
Common,Grouping,grouping,Common,Location,location,Triggering,T
Common,Grouping,grouping,Common,Path,path,Composition,C
Common,Grouping,grouping,Common,Path,path,Aggregation,G
Common,Grouping,grouping,Common,Path,path,Assignment,I
Common,Grouping,grouping,Common,Path,path,Realization,R
Common,Grouping,grouping,Common,Path,path,Serving,V
Common,Grouping,grouping,Common,Path,path,Access,A
Common,Grouping,grouping,Common,Path,path,Influence,N
Common,Grouping,grouping,Common,Path,path,Association,O
Common,Grouping,grouping,Common,Path,path,Specialization,S
Common,Grouping,grouping,Common,Path,path,Flow,F
Common,Grouping,grouping,Common,Path,path,Triggering,T
Common,Grouping,grouping,Common,Process,process,Composition,C
Common,Grouping,grouping,Common,Process,process,Aggregation,G
Common,Grouping,grouping,Common,Process,process,Assignment,I
Common,Grouping,grouping,Common,Process,process,Realization,R
Common,Grouping,grouping,Common,Process,process,Serving,V
Common,Grouping,grouping,Common,Process,process,Access,A
Common,Grouping,grouping,Common,Process,process,Influence,N
Common,Grouping,grouping,Common,Process,process,Association,O
Common,Grouping,grouping,Common,Process,process,Specialization,S
Common,Grouping,grouping,Common,Process,process,Flow,F
Common,Grouping,grouping,Common,Process,process,Triggering,T
Common,Grouping,grouping,Common,Role,role,Composition,C
Common,Grouping,grouping,Common,Role,role,Aggregation,G
Common,Grouping,grouping,Common,Role,role,Assignment,I
Common,Grouping,grouping,Common,Role,role,Realization,R
Common,Grouping,grouping,Common,Role,role,Serving,V
Common,Grouping,grouping,Common,Role,role,Access,A
Common,Grouping,grouping,Common,Role,role,Influence,N
Common,Grouping,grouping,Common,Role,role,Association,O
Common,Grouping,grouping,Common,Role,role,Specialization,S
Common,Grouping,grouping,Common,Role,role,Flow,F
Common,Grouping,grouping,Common,Role,role,Triggering,T
Common,Grouping,grouping,Common,Service,service,Composition,C
Common,Grouping,grouping,Common,Service,service,Aggregation,G
Common,Grouping,grouping,Common,Service,service,Assignment,I
Common,Grouping,grouping,Common,Service,service,Realization,R
Common,Grouping,grouping,Common,Service,service,Serving,V
Common,Grouping,grouping,Common,Service,service,Access,A
Common,Grouping,grouping,Common,Service,service,Influence,N
Common,Grouping,grouping,Common,Service,service,Association,O
Common,Grouping,grouping,Common,Service,service,Specialization,S
Common,Grouping,grouping,Common,Service,service,Flow,F
Common,Grouping,grouping,Common,Service,service,Triggering,T
Common,Grouping,grouping,Motivation,Assessment,assessment,Composition,C
Common,Grouping,grouping,Motivation,Assessment,assessment,Aggregation,G
Common,Grouping,grouping,Motivation,Assessment,assessment,Assignment,I
Common,Grouping,grouping,Motivation,Assessment,assessment,Realization,R
Common,Grouping,grouping,Motivation,Assessment,assessment,Serving,V
Common,Grouping,grouping,Motivation,Assessment,assessment,Access,A
Common,Grouping,grouping,Motivation,Assessment,assessment,Influence,N
Common,Grouping,grouping,Motivation,Assessment,assessment,Association,O
Common,Grouping,grouping,Motivation,Assessment,assessment,Specialization,S
Common,Grouping,grouping,Motivation,Assessment,assessment,Flow,F
Common,Grouping,grouping,Motivation,Assessment,assessment,Triggering,T
Common,Grouping,grouping,Motivation,Driver,driver,Composition,C
Common,Grouping,grouping,Motivation,Driver,driver,Aggregation,G
Common,Grouping,grouping,Motivation,Driver,driver,Assignment,I
Common,Grouping,grouping,Motivation,Driver,driver,Realization,R
Common,Grouping,grouping,Motivation,Driver,driver,Serving,V
Common,Grouping,grouping,Motivation,Driver,driver,Access,A
Common,Grouping,grouping,Motivation,Driver,driver,Influence,N
Common,Grouping,grouping,Motivation,Driver,driver,Association,O
Common,Grouping,grouping,Motivation,Driver,driver,Specialization,S
Common,Grouping,grouping,Motivation,Driver,driver,Flow,F
Common,Grouping,grouping,Motivation,Driver,driver,Triggering,T
Common,Grouping,grouping,Motivation,Goal,goal,Composition,C
Common,Grouping,grouping,Motivation,Goal,goal,Aggregation,G
Common,Grouping,grouping,Motivation,Goal,goal,Assignment,I
Common,Grouping,grouping,Motivation,Goal,goal,Realization,R
Common,Grouping,grouping,Motivation,Goal,goal,Serving,V
Common,Grouping,grouping,Motivation,Goal,goal,Access,A
Common,Grouping,grouping,Motivation,Goal,goal,Influence,N
Common,Grouping,grouping,Motivation,Goal,goal,Association,O
Common,Grouping,grouping,Motivation,Goal,goal,Specialization,S
Common,Grouping,grouping,Motivation,Goal,goal,Flow,F
Common,Grouping,grouping,Motivation,Goal,goal,Triggering,T
Common,Grouping,grouping,Motivation,Meaning,meaning,Composition,C
Common,Grouping,grouping,Motivation,Meaning,meaning,Aggregation,G
Common,Grouping,grouping,Motivation,Meaning,meaning,Assignment,I
Common,Grouping,grouping,Motivation,Meaning,meaning,Realization,R
Common,Grouping,grouping,Motivation,Meaning,meaning,Serving,V
Common,Grouping,grouping,Motivation,Meaning,meaning,Access,A
Common,Grouping,grouping,Motivation,Meaning,meaning,Influence,N
Common,Grouping,grouping,Motivation,Meaning,meaning,Association,O
Common,Grouping,grouping,Motivation,Meaning,meaning,Specialization,S
Common,Grouping,grouping,Motivation,Meaning,meaning,Flow,F
Common,Grouping,grouping,Motivation,Meaning,meaning,Triggering,T
Common,Grouping,grouping,Motivation,Outcome,outcome,Composition,C
Common,Grouping,grouping,Motivation,Outcome,outcome,Aggregation,G
Common,Grouping,grouping,Motivation,Outcome,outcome,Assignment,I
Common,Grouping,grouping,Motivation,Outcome,outcome,Realization,R
Common,Grouping,grouping,Motivation,Outcome,outcome,Serving,V
Common,Grouping,grouping,Motivation,Outcome,outcome,Access,A
Common,Grouping,grouping,Motivation,Outcome,outcome,Influence,N
Common,Grouping,grouping,Motivation,Outcome,outcome,Association,O
Common,Grouping,grouping,Motivation,Outcome,outcome,Specialization,S
Common,Grouping,grouping,Motivation,Outcome,outcome,Flow,F
Common,Grouping,grouping,Motivation,Outcome,outcome,Triggering,T
Common,Grouping,grouping,Motivation,Principle,principle,Composition,C
Common,Grouping,grouping,Motivation,Principle,principle,Aggregation,G
Common,Grouping,grouping,Motivation,Principle,principle,Assignment,I
Common,Grouping,grouping,Motivation,Principle,principle,Realization,R
Common,Grouping,grouping,Motivation,Principle,principle,Serving,V
Common,Grouping,grouping,Motivation,Principle,principle,Access,A
Common,Grouping,grouping,Motivation,Principle,principle,Influence,N
Common,Grouping,grouping,Motivation,Principle,principle,Association,O
Common,Grouping,grouping,Motivation,Principle,principle,Specialization,S
Common,Grouping,grouping,Motivation,Principle,principle,Flow,F
Common,Grouping,grouping,Motivation,Principle,principle,Triggering,T
Common,Grouping,grouping,Motivation,Requirement,requirement,Composition,C
Common,Grouping,grouping,Motivation,Requirement,requirement,Aggregation,G
Common,Grouping,grouping,Motivation,Requirement,requirement,Assignment,I
Common,Grouping,grouping,Motivation,Requirement,requirement,Realization,R
Common,Grouping,grouping,Motivation,Requirement,requirement,Serving,V
Common,Grouping,grouping,Motivation,Requirement,requirement,Access,A
Common,Grouping,grouping,Motivation,Requirement,requirement,Influence,N
Common,Grouping,grouping,Motivation,Requirement,requirement,Association,O
Common,Grouping,grouping,Motivation,Requirement,requirement,Specialization,S
Common,Grouping,grouping,Motivation,Requirement,requirement,Flow,F
Common,Grouping,grouping,Motivation,Requirement,requirement,Triggering,T
Common,Grouping,grouping,Motivation,Stakeholder,stakeholder,Composition,C
Common,Grouping,grouping,Motivation,Stakeholder,stakeholder,Aggregation,G
Common,Grouping,grouping,Motivation,Stakeholder,stakeholder,Assignment,I
Common,Grouping,grouping,Motivation,Stakeholder,stakeholder,Realization,R
Common,Grouping,grouping,Motivation,Stakeholder,stakeholder,Serving,V
Common,Grouping,grouping,Motivation,Stakeholder,stakeholder,Access,A
Common,Grouping,grouping,Motivation,Stakeholder,stakeholder,Influence,N
Common,Grouping,grouping,Motivation,Stakeholder,stakeholder,Association,O
Common,Grouping,grouping,Motivation,Stakeholder,stakeholder,Specialization,S
Common,Grouping,grouping,Motivation,Stakeholder,stakeholder,Flow,F
Common,Grouping,grouping,Motivation,Stakeholder,stakeholder,Triggering,T
Common,Grouping,grouping,Motivation,Value,value,Composition,C
Common,Grouping,grouping,Motivation,Value,value,Aggregation,G
Common,Grouping,grouping,Motivation,Value,value,Assignment,I
Common,Grouping,grouping,Motivation,Value,value,Realization,R
Common,Grouping,grouping,Motivation,Value,value,Serving,V
Common,Grouping,grouping,Motivation,Value,value,Access,A
Common,Grouping,grouping,Motivation,Value,value,Influence,N
Common,Grouping,grouping,Motivation,Value,value,Association,O
Common,Grouping,grouping,Motivation,Value,value,Specialization,S
Common,Grouping,grouping,Motivation,Value,value,Flow,F
Common,Grouping,grouping,Motivation,Value,value,Triggering,T
Common,Grouping,grouping,Strategy,Capability,capability,Composition,C
Common,Grouping,grouping,Strategy,Capability,capability,Aggregation,G
Common,Grouping,grouping,Strategy,Capability,capability,Assignment,I
Common,Grouping,grouping,Strategy,Capability,capability,Realization,R
Common,Grouping,grouping,Strategy,Capability,capability,Serving,V
Common,Grouping,grouping,Strategy,Capability,capability,Access,A
Common,Grouping,grouping,Strategy,Capability,capability,Influence,N
Common,Grouping,grouping,Strategy,Capability,capability,Association,O
Common,Grouping,grouping,Strategy,Capability,capability,Specialization,S
Common,Grouping,grouping,Strategy,Capability,capability,Flow,F
Common,Grouping,grouping,Strategy,Capability,capability,Triggering,T
Common,Grouping,grouping,Strategy,Course of Action,course-of-action,Composition,C
Common,Grouping,grouping,Strategy,Course of Action,course-of-action,Aggregation,G
Common,Grouping,grouping,Strategy,Course of Action,course-of-action,Assignment,I
Common,Grouping,grouping,Strategy,Course of Action,course-of-action,Realization,R
Common,Grouping,grouping,Strategy,Course of Action,course-of-action,Serving,V
Common,Grouping,grouping,Strategy,Course of Action,course-of-action,Access,A
Common,Grouping,grouping,Strategy,Course of Action,course-of-action,Influence,N
Common,Grouping,grouping,Strategy,Course of Action,course-of-action,Association,O
Common,Grouping,grouping,Strategy,Course of Action,course-of-action,Specialization,S
Common,Grouping,grouping,Strategy,Course of Action,course-of-action,Flow,F
Common,Grouping,grouping,Strategy,Course of Action,course-of-action,Triggering,T
Common,Grouping,grouping,Strategy,Resource,resource,Composition,C
Common,Grouping,grouping,Strategy,Resource,resource,Aggregation,G
Common,Grouping,grouping,Strategy,Resource,resource,Assignment,I
Common,Grouping,grouping,Strategy,Resource,resource,Realization,R
Common,Grouping,grouping,Strategy,Resource,resource,Serving,V
Common,Grouping,grouping,Strategy,Resource,resource,Access,A
Common,Grouping,grouping,Strategy,Resource,resource,Influence,N
Common,Grouping,grouping,Strategy,Resource,resource,Association,O
Common,Grouping,grouping,Strategy,Resource,resource,Specialization,S
Common,Grouping,grouping,Strategy,Resource,resource,Flow,F
Common,Grouping,grouping,Strategy,Resource,resource,Triggering,T
Common,Grouping,grouping,Strategy,Value Stream,value-stream,Composition,C
Common,Grouping,grouping,Strategy,Value Stream,value-stream,Aggregation,G
Common,Grouping,grouping,Strategy,Value Stream,value-stream,Assignment,I
Common,Grouping,grouping,Strategy,Value Stream,value-stream,Realization,R
Common,Grouping,grouping,Strategy,Value Stream,value-stream,Serving,V
Common,Grouping,grouping,Strategy,Value Stream,value-stream,Access,A
Common,Grouping,grouping,Strategy,Value Stream,value-stream,Influence,N
Common,Grouping,grouping,Strategy,Value Stream,value-stream,Association,O
Common,Grouping,grouping,Strategy,Value Stream,value-stream,Specialization,S
Common,Grouping,grouping,Strategy,Value Stream,value-stream,Flow,F
Common,Grouping,grouping,Strategy,Value Stream,value-stream,Triggering,T
Common,Grouping,grouping,Business,Business Actor,business-actor,Composition,C
Common,Grouping,grouping,Business,Business Actor,business-actor,Aggregation,G
Common,Grouping,grouping,Business,Business Actor,business-actor,Assignment,I
Common,Grouping,grouping,Business,Business Actor,business-actor,Realization,R
Common,Grouping,grouping,Business,Business Actor,business-actor,Serving,V
Common,Grouping,grouping,Business,Business Actor,business-actor,Access,A
Common,Grouping,grouping,Business,Business Actor,business-actor,Influence,N
Common,Grouping,grouping,Business,Business Actor,business-actor,Association,O
Common,Grouping,grouping,Business,Business Actor,business-actor,Specialization,S
Common,Grouping,grouping,Business,Business Actor,business-actor,Flow,F
Common,Grouping,grouping,Business,Business Actor,business-actor,Triggering,T
Common,Grouping,grouping,Business,Business Interface,business-interface,Composition,C
Common,Grouping,grouping,Business,Business Interface,business-interface,Aggregation,G
Common,Grouping,grouping,Business,Business Interface,business-interface,Assignment,I
Common,Grouping,grouping,Business,Business Interface,business-interface,Realization,R
Common,Grouping,grouping,Business,Business Interface,business-interface,Serving,V
Common,Grouping,grouping,Business,Business Interface,business-interface,Access,A
Common,Grouping,grouping,Business,Business Interface,business-interface,Influence,N
Common,Grouping,grouping,Business,Business Interface,business-interface,Association,O
Common,Grouping,grouping,Business,Business Interface,business-interface,Specialization,S
Common,Grouping,grouping,Business,Business Interface,business-interface,Flow,F
Common,Grouping,grouping,Business,Business Interface,business-interface,Triggering,T
Common,Grouping,grouping,Business,Business Object,business-object,Composition,C
Common,Grouping,grouping,Business,Business Object,business-object,Aggregation,G
Common,Grouping,grouping,Business,Business Object,business-object,Assignment,I
Common,Grouping,grouping,Business,Business Object,business-object,Realization,R
Common,Grouping,grouping,Business,Business Object,business-object,Serving,V
Common,Grouping,grouping,Business,Business Object,business-object,Access,A
Common,Grouping,grouping,Business,Business Object,business-object,Influence,N
Common,Grouping,grouping,Business,Business Object,business-object,Association,O
Common,Grouping,grouping,Business,Business Object,business-object,Specialization,S
Common,Grouping,grouping,Business,Business Object,business-object,Flow,F
Common,Grouping,grouping,Business,Business Object,business-object,Triggering,T
Common,Grouping,grouping,Business,Product,product,Composition,C
Common,Grouping,grouping,Business,Product,product,Aggregation,G
Common,Grouping,grouping,Business,Product,product,Assignment,I
Common,Grouping,grouping,Business,Product,product,Realization,R
Common,Grouping,grouping,Business,Product,product,Serving,V
Common,Grouping,grouping,Business,Product,product,Access,A
Common,Grouping,grouping,Business,Product,product,Influence,N
Common,Grouping,grouping,Business,Product,product,Association,O
Common,Grouping,grouping,Business,Product,product,Specialization,S
Common,Grouping,grouping,Business,Product,product,Flow,F
Common,Grouping,grouping,Business,Product,product,Triggering,T
Common,Grouping,grouping,Application,Application Component,application-component,Composition,C
Common,Grouping,grouping,Application,Application Component,application-component,Aggregation,G
Common,Grouping,grouping,Application,Application Component,application-component,Assignment,I
Common,Grouping,grouping,Application,Application Component,application-component,Realization,R
Common,Grouping,grouping,Application,Application Component,application-component,Serving,V
Common,Grouping,grouping,Application,Application Component,application-component,Access,A
Common,Grouping,grouping,Application,Application Component,application-component,Influence,N
Common,Grouping,grouping,Application,Application Component,application-component,Association,O
Common,Grouping,grouping,Application,Application Component,application-component,Specialization,S
Common,Grouping,grouping,Application,Application Component,application-component,Flow,F
Common,Grouping,grouping,Application,Application Component,application-component,Triggering,T
Common,Grouping,grouping,Application,Application Interface,application-interface,Composition,C
Common,Grouping,grouping,Application,Application Interface,application-interface,Aggregation,G
Common,Grouping,grouping,Application,Application Interface,application-interface,Assignment,I
Common,Grouping,grouping,Application,Application Interface,application-interface,Realization,R
Common,Grouping,grouping,Application,Application Interface,application-interface,Serving,V
Common,Grouping,grouping,Application,Application Interface,application-interface,Access,A
Common,Grouping,grouping,Application,Application Interface,application-interface,Influence,N
Common,Grouping,grouping,Application,Application Interface,application-interface,Association,O
Common,Grouping,grouping,Application,Application Interface,application-interface,Specialization,S
Common,Grouping,grouping,Application,Application Interface,application-interface,Flow,F
Common,Grouping,grouping,Application,Application Interface,application-interface,Triggering,T
Common,Grouping,grouping,Application,Data Object,data-object,Composition,C
Common,Grouping,grouping,Application,Data Object,data-object,Aggregation,G
Common,Grouping,grouping,Application,Data Object,data-object,Assignment,I
Common,Grouping,grouping,Application,Data Object,data-object,Realization,R
Common,Grouping,grouping,Application,Data Object,data-object,Serving,V
Common,Grouping,grouping,Application,Data Object,data-object,Access,A
Common,Grouping,grouping,Application,Data Object,data-object,Influence,N
Common,Grouping,grouping,Application,Data Object,data-object,Association,O
Common,Grouping,grouping,Application,Data Object,data-object,Specialization,S
Common,Grouping,grouping,Application,Data Object,data-object,Flow,F
Common,Grouping,grouping,Application,Data Object,data-object,Triggering,T
Common,Grouping,grouping,Technology,Artifact,artifact,Composition,C
Common,Grouping,grouping,Technology,Artifact,artifact,Aggregation,G
Common,Grouping,grouping,Technology,Artifact,artifact,Assignment,I
Common,Grouping,grouping,Technology,Artifact,artifact,Realization,R
Common,Grouping,grouping,Technology,Artifact,artifact,Serving,V
Common,Grouping,grouping,Technology,Artifact,artifact,Access,A
Common,Grouping,grouping,Technology,Artifact,artifact,Influence,N
Common,Grouping,grouping,Technology,Artifact,artifact,Association,O
Common,Grouping,grouping,Technology,Artifact,artifact,Specialization,S
Common,Grouping,grouping,Technology,Artifact,artifact,Flow,F
Common,Grouping,grouping,Technology,Artifact,artifact,Triggering,T
Common,Grouping,grouping,Technology,Communication Network,communication-network,Composition,C
Common,Grouping,grouping,Technology,Communication Network,communication-network,Aggregation,G
Common,Grouping,grouping,Technology,Communication Network,communication-network,Assignment,I
Common,Grouping,grouping,Technology,Communication Network,communication-network,Realization,R
Common,Grouping,grouping,Technology,Communication Network,communication-network,Serving,V
Common,Grouping,grouping,Technology,Communication Network,communication-network,Access,A
Common,Grouping,grouping,Technology,Communication Network,communication-network,Influence,N
Common,Grouping,grouping,Technology,Communication Network,communication-network,Association,O
Common,Grouping,grouping,Technology,Communication Network,communication-network,Specialization,S
Common,Grouping,grouping,Technology,Communication Network,communication-network,Flow,F
Common,Grouping,grouping,Technology,Communication Network,communication-network,Triggering,T
Common,Grouping,grouping,Technology,Device,device,Composition,C
Common,Grouping,grouping,Technology,Device,device,Aggregation,G
Common,Grouping,grouping,Technology,Device,device,Assignment,I
Common,Grouping,grouping,Technology,Device,device,Realization,R
Common,Grouping,grouping,Technology,Device,device,Serving,V
Common,Grouping,grouping,Technology,Device,device,Access,A
Common,Grouping,grouping,Technology,Device,device,Influence,N
Common,Grouping,grouping,Technology,Device,device,Association,O
Common,Grouping,grouping,Technology,Device,device,Specialization,S
Common,Grouping,grouping,Technology,Device,device,Flow,F
Common,Grouping,grouping,Technology,Device,device,Triggering,T
Common,Grouping,grouping,Technology,Distribution Network,distribution-network,Composition,C
Common,Grouping,grouping,Technology,Distribution Network,distribution-network,Aggregation,G
Common,Grouping,grouping,Technology,Distribution Network,distribution-network,Assignment,I
Common,Grouping,grouping,Technology,Distribution Network,distribution-network,Realization,R
Common,Grouping,grouping,Technology,Distribution Network,distribution-network,Serving,V
Common,Grouping,grouping,Technology,Distribution Network,distribution-network,Access,A
Common,Grouping,grouping,Technology,Distribution Network,distribution-network,Influence,N
Common,Grouping,grouping,Technology,Distribution Network,distribution-network,Association,O
Common,Grouping,grouping,Technology,Distribution Network,distribution-network,Specialization,S
Common,Grouping,grouping,Technology,Distribution Network,distribution-network,Flow,F
Common,Grouping,grouping,Technology,Distribution Network,distribution-network,Triggering,T
Common,Grouping,grouping,Technology,Equipment,equipment,Composition,C
Common,Grouping,grouping,Technology,Equipment,equipment,Aggregation,G
Common,Grouping,grouping,Technology,Equipment,equipment,Assignment,I
Common,Grouping,grouping,Technology,Equipment,equipment,Realization,R
Common,Grouping,grouping,Technology,Equipment,equipment,Serving,V
Common,Grouping,grouping,Technology,Equipment,equipment,Access,A
Common,Grouping,grouping,Technology,Equipment,equipment,Influence,N
Common,Grouping,grouping,Technology,Equipment,equipment,Association,O
Common,Grouping,grouping,Technology,Equipment,equipment,Specialization,S
Common,Grouping,grouping,Technology,Equipment,equipment,Flow,F
Common,Grouping,grouping,Technology,Equipment,equipment,Triggering,T
Common,Grouping,grouping,Technology,Facility,facility,Composition,C
Common,Grouping,grouping,Technology,Facility,facility,Aggregation,G
Common,Grouping,grouping,Technology,Facility,facility,Assignment,I
Common,Grouping,grouping,Technology,Facility,facility,Realization,R
Common,Grouping,grouping,Technology,Facility,facility,Serving,V
Common,Grouping,grouping,Technology,Facility,facility,Access,A
Common,Grouping,grouping,Technology,Facility,facility,Influence,N
Common,Grouping,grouping,Technology,Facility,facility,Association,O
Common,Grouping,grouping,Technology,Facility,facility,Specialization,S
Common,Grouping,grouping,Technology,Facility,facility,Flow,F
Common,Grouping,grouping,Technology,Facility,facility,Triggering,T
Common,Grouping,grouping,Technology,Material,material,Composition,C
Common,Grouping,grouping,Technology,Material,material,Aggregation,G
Common,Grouping,grouping,Technology,Material,material,Assignment,I
Common,Grouping,grouping,Technology,Material,material,Realization,R
Common,Grouping,grouping,Technology,Material,material,Serving,V
Common,Grouping,grouping,Technology,Material,material,Access,A
Common,Grouping,grouping,Technology,Material,material,Influence,N
Common,Grouping,grouping,Technology,Material,material,Association,O
Common,Grouping,grouping,Technology,Material,material,Specialization,S
Common,Grouping,grouping,Technology,Material,material,Flow,F
Common,Grouping,grouping,Technology,Material,material,Triggering,T
Common,Grouping,grouping,Technology,Node,technology-node,Composition,C
Common,Grouping,grouping,Technology,Node,technology-node,Aggregation,G
Common,Grouping,grouping,Technology,Node,technology-node,Assignment,I
Common,Grouping,grouping,Technology,Node,technology-node,Realization,R
Common,Grouping,grouping,Technology,Node,technology-node,Serving,V
Common,Grouping,grouping,Technology,Node,technology-node,Access,A
Common,Grouping,grouping,Technology,Node,technology-node,Influence,N
Common,Grouping,grouping,Technology,Node,technology-node,Association,O
Common,Grouping,grouping,Technology,Node,technology-node,Specialization,S
Common,Grouping,grouping,Technology,Node,technology-node,Flow,F
Common,Grouping,grouping,Technology,Node,technology-node,Triggering,T
Common,Grouping,grouping,Technology,System Software,system-software,Composition,C
Common,Grouping,grouping,Technology,System Software,system-software,Aggregation,G
Common,Grouping,grouping,Technology,System Software,system-software,Assignment,I
Common,Grouping,grouping,Technology,System Software,system-software,Realization,R
Common,Grouping,grouping,Technology,System Software,system-software,Serving,V
Common,Grouping,grouping,Technology,System Software,system-software,Access,A
Common,Grouping,grouping,Technology,System Software,system-software,Influence,N
Common,Grouping,grouping,Technology,System Software,system-software,Association,O
Common,Grouping,grouping,Technology,System Software,system-software,Specialization,S
Common,Grouping,grouping,Technology,System Software,system-software,Flow,F
Common,Grouping,grouping,Technology,System Software,system-software,Triggering,T
Common,Grouping,grouping,Technology,Technology Interface,technology-interface,Composition,C
Common,Grouping,grouping,Technology,Technology Interface,technology-interface,Aggregation,G
Common,Grouping,grouping,Technology,Technology Interface,technology-interface,Assignment,I
Common,Grouping,grouping,Technology,Technology Interface,technology-interface,Realization,R
Common,Grouping,grouping,Technology,Technology Interface,technology-interface,Serving,V
Common,Grouping,grouping,Technology,Technology Interface,technology-interface,Access,A
Common,Grouping,grouping,Technology,Technology Interface,technology-interface,Influence,N
Common,Grouping,grouping,Technology,Technology Interface,technology-interface,Association,O
Common,Grouping,grouping,Technology,Technology Interface,technology-interface,Specialization,S
Common,Grouping,grouping,Technology,Technology Interface,technology-interface,Flow,F
Common,Grouping,grouping,Technology,Technology Interface,technology-interface,Triggering,T
Common,Grouping,grouping,Implementation & Migration,Deliverable,deliverable,Composition,C
Common,Grouping,grouping,Implementation & Migration,Deliverable,deliverable,Aggregation,G
Common,Grouping,grouping,Implementation & Migration,Deliverable,deliverable,Assignment,I
Common,Grouping,grouping,Implementation & Migration,Deliverable,deliverable,Realization,R
Common,Grouping,grouping,Implementation & Migration,Deliverable,deliverable,Serving,V
Common,Grouping,grouping,Implementation & Migration,Deliverable,deliverable,Access,A
Common,Grouping,grouping,Implementation & Migration,Deliverable,deliverable,Influence,N
Common,Grouping,grouping,Implementation & Migration,Deliverable,deliverable,Association,O
Common,Grouping,grouping,Implementation & Migration,Deliverable,deliverable,Specialization,S
Common,Grouping,grouping,Implementation & Migration,Deliverable,deliverable,Flow,F
Common,Grouping,grouping,Implementation & Migration,Deliverable,deliverable,Triggering,T
Common,Grouping,grouping,Implementation & Migration,Plateau,plateau,Composition,C
Common,Grouping,grouping,Implementation & Migration,Plateau,plateau,Aggregation,G
Common,Grouping,grouping,Implementation & Migration,Plateau,plateau,Assignment,I
Common,Grouping,grouping,Implementation & Migration,Plateau,plateau,Realization,R
Common,Grouping,grouping,Implementation & Migration,Plateau,plateau,Serving,V
Common,Grouping,grouping,Implementation & Migration,Plateau,plateau,Access,A
Common,Grouping,grouping,Implementation & Migration,Plateau,plateau,Influence,N
Common,Grouping,grouping,Implementation & Migration,Plateau,plateau,Association,O
Common,Grouping,grouping,Implementation & Migration,Plateau,plateau,Specialization,S
Common,Grouping,grouping,Implementation & Migration,Plateau,plateau,Flow,F
Common,Grouping,grouping,Implementation & Migration,Plateau,plateau,Triggering,T
Common,Grouping,grouping,Implementation & Migration,Work Package,work-package,Composition,C
Common,Grouping,grouping,Implementation & Migration,Work Package,work-package,Aggregation,G
Common,Grouping,grouping,Implementation & Migration,Work Package,work-package,Assignment,I
Common,Grouping,grouping,Implementation & Migration,Work Package,work-package,Realization,R
Common,Grouping,grouping,Implementation & Migration,Work Package,work-package,Serving,V
Common,Grouping,grouping,Implementation & Migration,Work Package,work-package,Access,A
Common,Grouping,grouping,Implementation & Migration,Work Package,work-package,Influence,N
Common,Grouping,grouping,Implementation & Migration,Work Package,work-package,Association,O
Common,Grouping,grouping,Implementation & Migration,Work Package,work-package,Specialization,S
Common,Grouping,grouping,Implementation & Migration,Work Package,work-package,Flow,F
Common,Grouping,grouping,Implementation & Migration,Work Package,work-package,Triggering,T
Common,Location,location,Common,Collaboration,collaboration,Composition,C
Common,Location,location,Common,Collaboration,collaboration,Aggregation,G
Common,Location,location,Common,Collaboration,collaboration,Association,O
Common,Location,location,Common,Event,event,Composition,C
Common,Location,location,Common,Event,event,Aggregation,G
Common,Location,location,Common,Event,event,Association,O
Common,Location,location,Common,Function,function,Composition,C
Common,Location,location,Common,Function,function,Aggregation,G
Common,Location,location,Common,Function,function,Association,O
Common,Location,location,Common,Grouping,grouping,Composition,C
Common,Location,location,Common,Grouping,grouping,Aggregation,G
Common,Location,location,Common,Grouping,grouping,Assignment,I
Common,Location,location,Common,Grouping,grouping,Realization,R
Common,Location,location,Common,Grouping,grouping,Serving,V
Common,Location,location,Common,Grouping,grouping,Access,A
Common,Location,location,Common,Grouping,grouping,Influence,N
Common,Location,location,Common,Grouping,grouping,Association,O
Common,Location,location,Common,Grouping,grouping,Specialization,S
Common,Location,location,Common,Grouping,grouping,Flow,F
Common,Location,location,Common,Grouping,grouping,Triggering,T
Common,Location,location,Common,Location,location,Composition,C
Common,Location,location,Common,Location,location,Aggregation,G
Common,Location,location,Common,Location,location,Association,O
Common,Location,location,Common,Location,location,Specialization,S
Common,Location,location,Common,Path,path,Composition,C
Common,Location,location,Common,Path,path,Aggregation,G
Common,Location,location,Common,Path,path,Association,O
Common,Location,location,Common,Process,process,Composition,C
Common,Location,location,Common,Process,process,Aggregation,G
Common,Location,location,Common,Process,process,Association,O
Common,Location,location,Common,Role,role,Composition,C
Common,Location,location,Common,Role,role,Aggregation,G
Common,Location,location,Common,Role,role,Association,O
Common,Location,location,Common,Service,service,Composition,C
Common,Location,location,Common,Service,service,Aggregation,G
Common,Location,location,Common,Service,service,Association,O
Common,Location,location,Motivation,Assessment,assessment,Composition,C
Common,Location,location,Motivation,Assessment,assessment,Aggregation,G
Common,Location,location,Motivation,Assessment,assessment,Association,O
Common,Location,location,Motivation,Driver,driver,Composition,C
Common,Location,location,Motivation,Driver,driver,Aggregation,G
Common,Location,location,Motivation,Driver,driver,Association,O
Common,Location,location,Motivation,Goal,goal,Composition,C
Common,Location,location,Motivation,Goal,goal,Aggregation,G
Common,Location,location,Motivation,Goal,goal,Association,O
Common,Location,location,Motivation,Meaning,meaning,Composition,C
Common,Location,location,Motivation,Meaning,meaning,Aggregation,G
Common,Location,location,Motivation,Meaning,meaning,Association,O
Common,Location,location,Motivation,Outcome,outcome,Composition,C
Common,Location,location,Motivation,Outcome,outcome,Aggregation,G
Common,Location,location,Motivation,Outcome,outcome,Association,O
Common,Location,location,Motivation,Principle,principle,Composition,C
Common,Location,location,Motivation,Principle,principle,Aggregation,G
Common,Location,location,Motivation,Principle,principle,Association,O
Common,Location,location,Motivation,Requirement,requirement,Composition,C
Common,Location,location,Motivation,Requirement,requirement,Aggregation,G
Common,Location,location,Motivation,Requirement,requirement,Association,O
Common,Location,location,Motivation,Stakeholder,stakeholder,Composition,C
Common,Location,location,Motivation,Stakeholder,stakeholder,Aggregation,G
Common,Location,location,Motivation,Stakeholder,stakeholder,Association,O
Common,Location,location,Motivation,Value,value,Composition,C
Common,Location,location,Motivation,Value,value,Aggregation,G
Common,Location,location,Motivation,Value,value,Association,O
Common,Location,location,Strategy,Capability,capability,Composition,C
Common,Location,location,Strategy,Capability,capability,Aggregation,G
Common,Location,location,Strategy,Capability,capability,Association,O
Common,Location,location,Strategy,Course of Action,course-of-action,Composition,C
Common,Location,location,Strategy,Course of Action,course-of-action,Aggregation,G
Common,Location,location,Strategy,Course of Action,course-of-action,Association,O
Common,Location,location,Strategy,Resource,resource,Composition,C
Common,Location,location,Strategy,Resource,resource,Aggregation,G
Common,Location,location,Strategy,Resource,resource,Association,O
Common,Location,location,Strategy,Value Stream,value-stream,Composition,C
Common,Location,location,Strategy,Value Stream,value-stream,Aggregation,G
Common,Location,location,Strategy,Value Stream,value-stream,Association,O
Common,Location,location,Business,Business Actor,business-actor,Composition,C
Common,Location,location,Business,Business Actor,business-actor,Aggregation,G
Common,Location,location,Business,Business Actor,business-actor,Association,O
Common,Location,location,Business,Business Interface,business-interface,Composition,C
Common,Location,location,Business,Business Interface,business-interface,Aggregation,G
Common,Location,location,Business,Business Interface,business-interface,Association,O
Common,Location,location,Business,Business Object,business-object,Composition,C
Common,Location,location,Business,Business Object,business-object,Aggregation,G
Common,Location,location,Business,Business Object,business-object,Association,O
Common,Location,location,Business,Product,product,Composition,C
Common,Location,location,Business,Product,product,Aggregation,G
Common,Location,location,Business,Product,product,Association,O
Common,Location,location,Application,Application Component,application-component,Composition,C
Common,Location,location,Application,Application Component,application-component,Aggregation,G
Common,Location,location,Application,Application Component,application-component,Association,O
Common,Location,location,Application,Application Interface,application-interface,Composition,C
Common,Location,location,Application,Application Interface,application-interface,Aggregation,G
Common,Location,location,Application,Application Interface,application-interface,Association,O
Common,Location,location,Application,Data Object,data-object,Composition,C
Common,Location,location,Application,Data Object,data-object,Aggregation,G
Common,Location,location,Application,Data Object,data-object,Association,O
Common,Location,location,Technology,Artifact,artifact,Composition,C
Common,Location,location,Technology,Artifact,artifact,Aggregation,G
Common,Location,location,Technology,Artifact,artifact,Association,O
Common,Location,location,Technology,Communication Network,communication-network,Composition,C
Common,Location,location,Technology,Communication Network,communication-network,Aggregation,G
Common,Location,location,Technology,Communication Network,communication-network,Association,O
Common,Location,location,Technology,Device,device,Composition,C
Common,Location,location,Technology,Device,device,Aggregation,G
Common,Location,location,Technology,Device,device,Association,O
Common,Location,location,Technology,Distribution Network,distribution-network,Composition,C
Common,Location,location,Technology,Distribution Network,distribution-network,Aggregation,G
Common,Location,location,Technology,Distribution Network,distribution-network,Association,O
Common,Location,location,Technology,Equipment,equipment,Composition,C
Common,Location,location,Technology,Equipment,equipment,Aggregation,G
Common,Location,location,Technology,Equipment,equipment,Association,O
Common,Location,location,Technology,Facility,facility,Composition,C
Common,Location,location,Technology,Facility,facility,Aggregation,G
Common,Location,location,Technology,Facility,facility,Association,O
Common,Location,location,Technology,Material,material,Composition,C
Common,Location,location,Technology,Material,material,Aggregation,G
Common,Location,location,Technology,Material,material,Association,O
Common,Location,location,Technology,Node,technology-node,Composition,C
Common,Location,location,Technology,Node,technology-node,Aggregation,G
Common,Location,location,Technology,Node,technology-node,Association,O
Common,Location,location,Technology,System Software,system-software,Composition,C
Common,Location,location,Technology,System Software,system-software,Aggregation,G
Common,Location,location,Technology,System Software,system-software,Association,O
Common,Location,location,Technology,Technology Interface,technology-interface,Composition,C
Common,Location,location,Technology,Technology Interface,technology-interface,Aggregation,G
Common,Location,location,Technology,Technology Interface,technology-interface,Association,O
Common,Location,location,Implementation & Migration,Deliverable,deliverable,Composition,C
Common,Location,location,Implementation & Migration,Deliverable,deliverable,Aggregation,G
Common,Location,location,Implementation & Migration,Deliverable,deliverable,Association,O
Common,Location,location,Implementation & Migration,Plateau,plateau,Composition,C
Common,Location,location,Implementation & Migration,Plateau,plateau,Aggregation,G
Common,Location,location,Implementation & Migration,Plateau,plateau,Association,O
Common,Location,location,Implementation & Migration,Work Package,work-package,Composition,C
Common,Location,location,Implementation & Migration,Work Package,work-package,Aggregation,G
Common,Location,location,Implementation & Migration,Work Package,work-package,Association,O
Common,Path,path,Common,Collaboration,collaboration,Association,O
Common,Path,path,Common,Event,event,Association,O
Common,Path,path,Common,Function,function,Association,O
Common,Path,path,Common,Grouping,grouping,Composition,C
Common,Path,path,Common,Grouping,grouping,Aggregation,G
Common,Path,path,Common,Grouping,grouping,Assignment,I
Common,Path,path,Common,Grouping,grouping,Realization,R
Common,Path,path,Common,Grouping,grouping,Serving,V
Common,Path,path,Common,Grouping,grouping,Access,A
Common,Path,path,Common,Grouping,grouping,Influence,N
Common,Path,path,Common,Grouping,grouping,Association,O
Common,Path,path,Common,Grouping,grouping,Specialization,S
Common,Path,path,Common,Grouping,grouping,Flow,F
Common,Path,path,Common,Grouping,grouping,Triggering,T
Common,Path,path,Common,Location,location,Association,O
Common,Path,path,Common,Path,path,Composition,C
Common,Path,path,Common,Path,path,Aggregation,G
Common,Path,path,Common,Path,path,Realization,R
Common,Path,path,Common,Path,path,Association,O
Common,Path,path,Common,Path,path,Specialization,S
Common,Path,path,Common,Process,process,Association,O
Common,Path,path,Common,Role,role,Association,O
Common,Path,path,Common,Service,service,Association,O
Common,Path,path,Motivation,Assessment,assessment,Association,O
Common,Path,path,Motivation,Driver,driver,Association,O
Common,Path,path,Motivation,Goal,goal,Influence,N
Common,Path,path,Motivation,Goal,goal,Association,O
Common,Path,path,Motivation,Meaning,meaning,Association,O
Common,Path,path,Motivation,Outcome,outcome,Association,O
Common,Path,path,Motivation,Principle,principle,Association,O
Common,Path,path,Motivation,Requirement,requirement,Realization,R
Common,Path,path,Motivation,Requirement,requirement,Influence,N
Common,Path,path,Motivation,Requirement,requirement,Association,O
Common,Path,path,Motivation,Stakeholder,stakeholder,Association,O
Common,Path,path,Motivation,Value,value,Association,O
Common,Path,path,Strategy,Capability,capability,Association,O
Common,Path,path,Strategy,Course of Action,course-of-action,Association,O
Common,Path,path,Strategy,Resource,resource,Realization,R
Common,Path,path,Strategy,Resource,resource,Association,O
Common,Path,path,Strategy,Value Stream,value-stream,Association,O
Common,Path,path,Business,Business Actor,business-actor,Association,O
Common,Path,path,Business,Business Interface,business-interface,Association,O
Common,Path,path,Business,Business Object,business-object,Association,O
Common,Path,path,Business,Product,product,Association,O
Common,Path,path,Application,Application Component,application-component,Association,O
Common,Path,path,Application,Application Interface,application-interface,Association,O
Common,Path,path,Application,Data Object,data-object,Association,O
Common,Path,path,Technology,Artifact,artifact,Association,O
Common,Path,path,Technology,Communication Network,communication-network,Association,O
Common,Path,path,Technology,Device,device,Association,O
Common,Path,path,Technology,Distribution Network,distribution-network,Association,O
Common,Path,path,Technology,Equipment,equipment,Association,O
Common,Path,path,Technology,Facility,facility,Association,O
Common,Path,path,Technology,Material,material,Association,O
Common,Path,path,Technology,Node,technology-node,Association,O
Common,Path,path,Technology,System Software,system-software,Association,O
Common,Path,path,Technology,Technology Interface,technology-interface,Association,O
Common,Path,path,Implementation & Migration,Deliverable,deliverable,Association,O
Common,Path,path,Implementation & Migration,Plateau,plateau,Association,O
Common,Path,path,Implementation & Migration,Work Package,work-package,Association,O
Common,Process,process,Common,Collaboration,collaboration,Association,O
Common,Process,process,Common,Event,event,Association,O
Common,Process,process,Common,Event,event,Flow,F
Common,Process,process,Common,Event,event,Triggering,T
Common,Process,process,Common,Function,function,Composition,C
Common,Process,process,Common,Function,function,Aggregation,G
Common,Process,process,Common,Function,function,Association,O
Common,Process,process,Common,Function,function,Flow,F
Common,Process,process,Common,Function,function,Triggering,T
Common,Process,process,Common,Grouping,grouping,Composition,C
Common,Process,process,Common,Grouping,grouping,Aggregation,G
Common,Process,process,Common,Grouping,grouping,Assignment,I
Common,Process,process,Common,Grouping,grouping,Realization,R
Common,Process,process,Common,Grouping,grouping,Serving,V
Common,Process,process,Common,Grouping,grouping,Access,A
Common,Process,process,Common,Grouping,grouping,Influence,N
Common,Process,process,Common,Grouping,grouping,Association,O
Common,Process,process,Common,Grouping,grouping,Specialization,S
Common,Process,process,Common,Grouping,grouping,Flow,F
Common,Process,process,Common,Grouping,grouping,Triggering,T
Common,Process,process,Common,Location,location,Association,O
Common,Process,process,Common,Path,path,Association,O
Common,Process,process,Common,Process,process,Composition,C
Common,Process,process,Common,Process,process,Aggregation,G
Common,Process,process,Common,Process,process,Association,O
Common,Process,process,Common,Process,process,Specialization,S
Common,Process,process,Common,Process,process,Flow,F
Common,Process,process,Common,Process,process,Triggering,T
Common,Process,process,Common,Role,role,Association,O
Common,Process,process,Common,Service,service,Realization,R
Common,Process,process,Common,Service,service,Association,O
Common,Process,process,Motivation,Assessment,assessment,Association,O
Common,Process,process,Motivation,Driver,driver,Association,O
Common,Process,process,Motivation,Goal,goal,Influence,N
Common,Process,process,Motivation,Goal,goal,Association,O
Common,Process,process,Motivation,Meaning,meaning,Association,O
Common,Process,process,Motivation,Outcome,outcome,Association,O
Common,Process,process,Motivation,Principle,principle,Association,O
Common,Process,process,Motivation,Requirement,requirement,Realization,R
Common,Process,process,Motivation,Requirement,requirement,Influence,N
Common,Process,process,Motivation,Requirement,requirement,Association,O
Common,Process,process,Motivation,Stakeholder,stakeholder,Association,O
Common,Process,process,Motivation,Value,value,Association,O
Common,Process,process,Strategy,Capability,capability,Realization,R
Common,Process,process,Strategy,Capability,capability,Association,O
Common,Process,process,Strategy,Course of Action,course-of-action,Realization,R
Common,Process,process,Strategy,Course of Action,course-of-action,Association,O
Common,Process,process,Strategy,Resource,resource,Association,O
Common,Process,process,Strategy,Value Stream,value-stream,Realization,R
Common,Process,process,Strategy,Value Stream,value-stream,Association,O
Common,Process,process,Business,Business Actor,business-actor,Association,O
Common,Process,process,Business,Business Interface,business-interface,Association,O
Common,Process,process,Business,Business Object,business-object,Access,A
Common,Process,process,Business,Business Object,business-object,Association,O
Common,Process,process,Business,Product,product,Association,O
Common,Process,process,Application,Application Component,application-component,Association,O
Common,Process,process,Application,Application Interface,application-interface,Association,O
Common,Process,process,Application,Data Object,data-object,Access,A
Common,Process,process,Application,Data Object,data-object,Association,O
Common,Process,process,Technology,Artifact,artifact,Access,A
Common,Process,process,Technology,Artifact,artifact,Association,O
Common,Process,process,Technology,Communication Network,communication-network,Association,O
Common,Process,process,Technology,Device,device,Association,O
Common,Process,process,Technology,Distribution Network,distribution-network,Association,O
Common,Process,process,Technology,Equipment,equipment,Association,O
Common,Process,process,Technology,Facility,facility,Association,O
Common,Process,process,Technology,Material,material,Access,A
Common,Process,process,Technology,Material,material,Association,O
Common,Process,process,Technology,Node,technology-node,Association,O
Common,Process,process,Technology,System Software,system-software,Association,O
Common,Process,process,Technology,Technology Interface,technology-interface,Association,O
Common,Process,process,Implementation & Migration,Deliverable,deliverable,Access,A
Common,Process,process,Implementation & Migration,Deliverable,deliverable,Association,O
Common,Process,process,Implementation & Migration,Plateau,plateau,Association,O
Common,Process,process,Implementation & Migration,Work Package,work-package,Association,O
Common,Role,role,Common,Collaboration,collaboration,Association,O
Common,Role,role,Common,Event,event,Assignment,I
Common,Role,role,Common,Event,event,Association,O
Common,Role,role,Common,Function,function,Assignment,I
Common,Role,role,Common,Function,function,Association,O
Common,Role,role,Common,Grouping,grouping,Composition,C
Common,Role,role,Common,Grouping,grouping,Aggregation,G
Common,Role,role,Common,Grouping,grouping,Assignment,I
Common,Role,role,Common,Grouping,grouping,Realization,R
Common,Role,role,Common,Grouping,grouping,Serving,V
Common,Role,role,Common,Grouping,grouping,Access,A
Common,Role,role,Common,Grouping,grouping,Influence,N
Common,Role,role,Common,Grouping,grouping,Association,O
Common,Role,role,Common,Grouping,grouping,Specialization,S
Common,Role,role,Common,Grouping,grouping,Flow,F
Common,Role,role,Common,Grouping,grouping,Triggering,T
Common,Role,role,Common,Location,location,Association,O
Common,Role,role,Common,Path,path,Realization,R
Common,Role,role,Common,Path,path,Association,O
Common,Role,role,Common,Process,process,Assignment,I
Common,Role,role,Common,Process,process,Association,O
Common,Role,role,Common,Role,role,Composition,C
Common,Role,role,Common,Role,role,Aggregation,G
Common,Role,role,Common,Role,role,Assignment,I
Common,Role,role,Common,Role,role,Association,O
Common,Role,role,Common,Role,role,Specialization,S
Common,Role,role,Common,Service,service,Association,O
Common,Role,role,Motivation,Assessment,assessment,Association,O
Common,Role,role,Motivation,Driver,driver,Association,O
Common,Role,role,Motivation,Goal,goal,Influence,N
Common,Role,role,Motivation,Goal,goal,Association,O
Common,Role,role,Motivation,Meaning,meaning,Association,O
Common,Role,role,Motivation,Outcome,outcome,Association,O
Common,Role,role,Motivation,Principle,principle,Association,O
Common,Role,role,Motivation,Requirement,requirement,Realization,R
Common,Role,role,Motivation,Requirement,requirement,Influence,N
Common,Role,role,Motivation,Requirement,requirement,Association,O
Common,Role,role,Motivation,Stakeholder,stakeholder,Association,O
Common,Role,role,Motivation,Value,value,Association,O
Common,Role,role,Strategy,Capability,capability,Association,O
Common,Role,role,Strategy,Course of Action,course-of-action,Association,O
Common,Role,role,Strategy,Resource,resource,Association,O
Common,Role,role,Strategy,Value Stream,value-stream,Association,O
Common,Role,role,Business,Business Actor,business-actor,Association,O
Common,Role,role,Business,Business Interface,business-interface,Composition,C
Common,Role,role,Business,Business Interface,business-interface,Aggregation,G
Common,Role,role,Business,Business Interface,business-interface,Association,O
Common,Role,role,Business,Business Object,business-object,Association,O
Common,Role,role,Business,Product,product,Association,O
Common,Role,role,Application,Application Component,application-component,Association,O
Common,Role,role,Application,Application Interface,application-interface,Composition,C
Common,Role,role,Application,Application Interface,application-interface,Aggregation,G
Common,Role,role,Application,Application Interface,application-interface,Association,O
Common,Role,role,Application,Data Object,data-object,Association,O
Common,Role,role,Technology,Artifact,artifact,Association,O
Common,Role,role,Technology,Communication Network,communication-network,Association,O
Common,Role,role,Technology,Device,device,Association,O
Common,Role,role,Technology,Distribution Network,distribution-network,Association,O
Common,Role,role,Technology,Equipment,equipment,Association,O
Common,Role,role,Technology,Facility,facility,Association,O
Common,Role,role,Technology,Material,material,Association,O
Common,Role,role,Technology,Node,technology-node,Association,O
Common,Role,role,Technology,System Software,system-software,Association,O
Common,Role,role,Technology,Technology Interface,technology-interface,Composition,C
Common,Role,role,Technology,Technology Interface,technology-interface,Aggregation,G
Common,Role,role,Technology,Technology Interface,technology-interface,Association,O
Common,Role,role,Implementation & Migration,Deliverable,deliverable,Association,O
Common,Role,role,Implementation & Migration,Plateau,plateau,Association,O
Common,Role,role,Implementation & Migration,Work Package,work-package,Association,O
Common,Service,service,Common,Collaboration,collaboration,Serving,V
Common,Service,service,Common,Collaboration,collaboration,Association,O
Common,Service,service,Common,Event,event,Association,O
Common,Service,service,Common,Function,function,Serving,V
Common,Service,service,Common,Function,function,Association,O
Common,Service,service,Common,Grouping,grouping,Composition,C
Common,Service,service,Common,Grouping,grouping,Aggregation,G
Common,Service,service,Common,Grouping,grouping,Assignment,I
Common,Service,service,Common,Grouping,grouping,Realization,R
Common,Service,service,Common,Grouping,grouping,Serving,V
Common,Service,service,Common,Grouping,grouping,Access,A
Common,Service,service,Common,Grouping,grouping,Influence,N
Common,Service,service,Common,Grouping,grouping,Association,O
Common,Service,service,Common,Grouping,grouping,Specialization,S
Common,Service,service,Common,Grouping,grouping,Flow,F
Common,Service,service,Common,Grouping,grouping,Triggering,T
Common,Service,service,Common,Location,location,Association,O
Common,Service,service,Common,Path,path,Serving,V
Common,Service,service,Common,Path,path,Association,O
Common,Service,service,Common,Process,process,Serving,V
Common,Service,service,Common,Process,process,Association,O
Common,Service,service,Common,Role,role,Serving,V
Common,Service,service,Common,Role,role,Association,O
Common,Service,service,Common,Service,service,Composition,C
Common,Service,service,Common,Service,service,Aggregation,G
Common,Service,service,Common,Service,service,Association,O
Common,Service,service,Common,Service,service,Specialization,S
Common,Service,service,Common,Service,service,Flow,F
Common,Service,service,Common,Service,service,Triggering,T
Common,Service,service,Motivation,Assessment,assessment,Association,O
Common,Service,service,Motivation,Driver,driver,Association,O
Common,Service,service,Motivation,Goal,goal,Influence,N
Common,Service,service,Motivation,Goal,goal,Association,O
Common,Service,service,Motivation,Meaning,meaning,Association,O
Common,Service,service,Motivation,Outcome,outcome,Association,O
Common,Service,service,Motivation,Principle,principle,Association,O
Common,Service,service,Motivation,Requirement,requirement,Realization,R
Common,Service,service,Motivation,Requirement,requirement,Influence,N
Common,Service,service,Motivation,Requirement,requirement,Association,O
Common,Service,service,Motivation,Stakeholder,stakeholder,Association,O
Common,Service,service,Motivation,Value,value,Association,O
Common,Service,service,Strategy,Capability,capability,Association,O
Common,Service,service,Strategy,Course of Action,course-of-action,Association,O
Common,Service,service,Strategy,Resource,resource,Association,O
Common,Service,service,Strategy,Value Stream,value-stream,Association,O
Common,Service,service,Business,Business Actor,business-actor,Serving,V
Common,Service,service,Business,Business Actor,business-actor,Association,O
Common,Service,service,Business,Business Interface,business-interface,Serving,V
Common,Service,service,Business,Business Interface,business-interface,Association,O
Common,Service,service,Business,Business Object,business-object,Access,A
Common,Service,service,Business,Business Object,business-object,Association,O
Common,Service,service,Business,Product,product,Association,O
Common,Service,service,Application,Application Component,application-component,Serving,V
Common,Service,service,Application,Application Component,application-component,Association,O
Common,Service,service,Application,Application Interface,application-interface,Serving,V
Common,Service,service,Application,Application Interface,application-interface,Association,O
Common,Service,service,Application,Data Object,data-object,Access,A
Common,Service,service,Application,Data Object,data-object,Association,O
Common,Service,service,Technology,Artifact,artifact,Access,A
Common,Service,service,Technology,Artifact,artifact,Association,O
Common,Service,service,Technology,Communication Network,communication-network,Serving,V
Common,Service,service,Technology,Communication Network,communication-network,Association,O
Common,Service,service,Technology,Device,device,Serving,V
Common,Service,service,Technology,Device,device,Association,O
Common,Service,service,Technology,Distribution Network,distribution-network,Serving,V
Common,Service,service,Technology,Distribution Network,distribution-network,Association,O
Common,Service,service,Technology,Equipment,equipment,Serving,V
Common,Service,service,Technology,Equipment,equipment,Association,O
Common,Service,service,Technology,Facility,facility,Serving,V
Common,Service,service,Technology,Facility,facility,Association,O
Common,Service,service,Technology,Material,material,Access,A
Common,Service,service,Technology,Material,material,Association,O
Common,Service,service,Technology,Node,technology-node,Serving,V
Common,Service,service,Technology,Node,technology-node,Association,O
Common,Service,service,Technology,System Software,system-software,Serving,V
Common,Service,service,Technology,System Software,system-software,Association,O
Common,Service,service,Technology,Technology Interface,technology-interface,Serving,V
Common,Service,service,Technology,Technology Interface,technology-interface,Association,O
Common,Service,service,Implementation & Migration,Deliverable,deliverable,Access,A
Common,Service,service,Implementation & Migration,Deliverable,deliverable,Association,O
Common,Service,service,Implementation & Migration,Plateau,plateau,Association,O
Common,Service,service,Implementation & Migration,Work Package,work-package,Association,O
Motivation,Assessment,assessment,Common,Collaboration,collaboration,Association,O
Motivation,Assessment,assessment,Common,Event,event,Association,O
Motivation,Assessment,assessment,Common,Function,function,Association,O
Motivation,Assessment,assessment,Common,Grouping,grouping,Composition,C
Motivation,Assessment,assessment,Common,Grouping,grouping,Aggregation,G
Motivation,Assessment,assessment,Common,Grouping,grouping,Assignment,I
Motivation,Assessment,assessment,Common,Grouping,grouping,Realization,R
Motivation,Assessment,assessment,Common,Grouping,grouping,Serving,V
Motivation,Assessment,assessment,Common,Grouping,grouping,Access,A
Motivation,Assessment,assessment,Common,Grouping,grouping,Influence,N
Motivation,Assessment,assessment,Common,Grouping,grouping,Association,O
Motivation,Assessment,assessment,Common,Grouping,grouping,Specialization,S
Motivation,Assessment,assessment,Common,Grouping,grouping,Flow,F
Motivation,Assessment,assessment,Common,Grouping,grouping,Triggering,T
Motivation,Assessment,assessment,Common,Location,location,Association,O
Motivation,Assessment,assessment,Common,Path,path,Association,O
Motivation,Assessment,assessment,Common,Process,process,Association,O
Motivation,Assessment,assessment,Common,Role,role,Association,O
Motivation,Assessment,assessment,Common,Service,service,Association,O
Motivation,Assessment,assessment,Motivation,Assessment,assessment,Composition,C
Motivation,Assessment,assessment,Motivation,Assessment,assessment,Aggregation,G
Motivation,Assessment,assessment,Motivation,Assessment,assessment,Influence,N
Motivation,Assessment,assessment,Motivation,Assessment,assessment,Association,O
Motivation,Assessment,assessment,Motivation,Assessment,assessment,Specialization,S
Motivation,Assessment,assessment,Motivation,Driver,driver,Influence,N
Motivation,Assessment,assessment,Motivation,Driver,driver,Association,O
Motivation,Assessment,assessment,Motivation,Goal,goal,Influence,N
Motivation,Assessment,assessment,Motivation,Goal,goal,Association,O
Motivation,Assessment,assessment,Motivation,Meaning,meaning,Influence,N
Motivation,Assessment,assessment,Motivation,Meaning,meaning,Association,O
Motivation,Assessment,assessment,Motivation,Outcome,outcome,Influence,N
Motivation,Assessment,assessment,Motivation,Outcome,outcome,Association,O
Motivation,Assessment,assessment,Motivation,Principle,principle,Influence,N
Motivation,Assessment,assessment,Motivation,Principle,principle,Association,O
Motivation,Assessment,assessment,Motivation,Requirement,requirement,Influence,N
Motivation,Assessment,assessment,Motivation,Requirement,requirement,Association,O
Motivation,Assessment,assessment,Motivation,Stakeholder,stakeholder,Influence,N
Motivation,Assessment,assessment,Motivation,Stakeholder,stakeholder,Association,O
Motivation,Assessment,assessment,Motivation,Value,value,Influence,N
Motivation,Assessment,assessment,Motivation,Value,value,Association,O
Motivation,Assessment,assessment,Strategy,Capability,capability,Association,O
Motivation,Assessment,assessment,Strategy,Course of Action,course-of-action,Association,O
Motivation,Assessment,assessment,Strategy,Resource,resource,Association,O
Motivation,Assessment,assessment,Strategy,Value Stream,value-stream,Association,O
Motivation,Assessment,assessment,Business,Business Actor,business-actor,Association,O
Motivation,Assessment,assessment,Business,Business Interface,business-interface,Association,O
Motivation,Assessment,assessment,Business,Business Object,business-object,Association,O
Motivation,Assessment,assessment,Business,Product,product,Association,O
Motivation,Assessment,assessment,Application,Application Component,application-component,Association,O
Motivation,Assessment,assessment,Application,Application Interface,application-interface,Association,O
Motivation,Assessment,assessment,Application,Data Object,data-object,Association,O
Motivation,Assessment,assessment,Technology,Artifact,artifact,Association,O
Motivation,Assessment,assessment,Technology,Communication Network,communication-network,Association,O
Motivation,Assessment,assessment,Technology,Device,device,Association,O
Motivation,Assessment,assessment,Technology,Distribution Network,distribution-network,Association,O
Motivation,Assessment,assessment,Technology,Equipment,equipment,Association,O
Motivation,Assessment,assessment,Technology,Facility,facility,Association,O
Motivation,Assessment,assessment,Technology,Material,material,Association,O
Motivation,Assessment,assessment,Technology,Node,technology-node,Association,O
Motivation,Assessment,assessment,Technology,System Software,system-software,Association,O
Motivation,Assessment,assessment,Technology,Technology Interface,technology-interface,Association,O
Motivation,Assessment,assessment,Implementation & Migration,Deliverable,deliverable,Association,O
Motivation,Assessment,assessment,Implementation & Migration,Plateau,plateau,Association,O
Motivation,Assessment,assessment,Implementation & Migration,Work Package,work-package,Association,O
Motivation,Driver,driver,Common,Collaboration,collaboration,Association,O
Motivation,Driver,driver,Common,Event,event,Association,O
Motivation,Driver,driver,Common,Function,function,Association,O
Motivation,Driver,driver,Common,Grouping,grouping,Composition,C
Motivation,Driver,driver,Common,Grouping,grouping,Aggregation,G
Motivation,Driver,driver,Common,Grouping,grouping,Assignment,I
Motivation,Driver,driver,Common,Grouping,grouping,Realization,R
Motivation,Driver,driver,Common,Grouping,grouping,Serving,V
Motivation,Driver,driver,Common,Grouping,grouping,Access,A
Motivation,Driver,driver,Common,Grouping,grouping,Influence,N
Motivation,Driver,driver,Common,Grouping,grouping,Association,O
Motivation,Driver,driver,Common,Grouping,grouping,Specialization,S
Motivation,Driver,driver,Common,Grouping,grouping,Flow,F
Motivation,Driver,driver,Common,Grouping,grouping,Triggering,T
Motivation,Driver,driver,Common,Location,location,Association,O
Motivation,Driver,driver,Common,Path,path,Association,O
Motivation,Driver,driver,Common,Process,process,Association,O
Motivation,Driver,driver,Common,Role,role,Association,O
Motivation,Driver,driver,Common,Service,service,Association,O
Motivation,Driver,driver,Motivation,Assessment,assessment,Influence,N
Motivation,Driver,driver,Motivation,Assessment,assessment,Association,O
Motivation,Driver,driver,Motivation,Driver,driver,Composition,C
Motivation,Driver,driver,Motivation,Driver,driver,Aggregation,G
Motivation,Driver,driver,Motivation,Driver,driver,Influence,N
Motivation,Driver,driver,Motivation,Driver,driver,Association,O
Motivation,Driver,driver,Motivation,Driver,driver,Specialization,S
Motivation,Driver,driver,Motivation,Goal,goal,Influence,N
Motivation,Driver,driver,Motivation,Goal,goal,Association,O
Motivation,Driver,driver,Motivation,Meaning,meaning,Influence,N
Motivation,Driver,driver,Motivation,Meaning,meaning,Association,O
Motivation,Driver,driver,Motivation,Outcome,outcome,Influence,N
Motivation,Driver,driver,Motivation,Outcome,outcome,Association,O
Motivation,Driver,driver,Motivation,Principle,principle,Influence,N
Motivation,Driver,driver,Motivation,Principle,principle,Association,O
Motivation,Driver,driver,Motivation,Requirement,requirement,Influence,N
Motivation,Driver,driver,Motivation,Requirement,requirement,Association,O
Motivation,Driver,driver,Motivation,Stakeholder,stakeholder,Influence,N
Motivation,Driver,driver,Motivation,Stakeholder,stakeholder,Association,O
Motivation,Driver,driver,Motivation,Value,value,Influence,N
Motivation,Driver,driver,Motivation,Value,value,Association,O
Motivation,Driver,driver,Strategy,Capability,capability,Association,O
Motivation,Driver,driver,Strategy,Course of Action,course-of-action,Association,O
Motivation,Driver,driver,Strategy,Resource,resource,Association,O
Motivation,Driver,driver,Strategy,Value Stream,value-stream,Association,O
Motivation,Driver,driver,Business,Business Actor,business-actor,Association,O
Motivation,Driver,driver,Business,Business Interface,business-interface,Association,O
Motivation,Driver,driver,Business,Business Object,business-object,Association,O
Motivation,Driver,driver,Business,Product,product,Association,O
Motivation,Driver,driver,Application,Application Component,application-component,Association,O
Motivation,Driver,driver,Application,Application Interface,application-interface,Association,O
Motivation,Driver,driver,Application,Data Object,data-object,Association,O
Motivation,Driver,driver,Technology,Artifact,artifact,Association,O
Motivation,Driver,driver,Technology,Communication Network,communication-network,Association,O
Motivation,Driver,driver,Technology,Device,device,Association,O
Motivation,Driver,driver,Technology,Distribution Network,distribution-network,Association,O
Motivation,Driver,driver,Technology,Equipment,equipment,Association,O
Motivation,Driver,driver,Technology,Facility,facility,Association,O
Motivation,Driver,driver,Technology,Material,material,Association,O
Motivation,Driver,driver,Technology,Node,technology-node,Association,O
Motivation,Driver,driver,Technology,System Software,system-software,Association,O
Motivation,Driver,driver,Technology,Technology Interface,technology-interface,Association,O
Motivation,Driver,driver,Implementation & Migration,Deliverable,deliverable,Association,O
Motivation,Driver,driver,Implementation & Migration,Plateau,plateau,Association,O
Motivation,Driver,driver,Implementation & Migration,Work Package,work-package,Association,O
Motivation,Goal,goal,Common,Collaboration,collaboration,Association,O
Motivation,Goal,goal,Common,Event,event,Association,O
Motivation,Goal,goal,Common,Function,function,Association,O
Motivation,Goal,goal,Common,Grouping,grouping,Composition,C
Motivation,Goal,goal,Common,Grouping,grouping,Aggregation,G
Motivation,Goal,goal,Common,Grouping,grouping,Assignment,I
Motivation,Goal,goal,Common,Grouping,grouping,Realization,R
Motivation,Goal,goal,Common,Grouping,grouping,Serving,V
Motivation,Goal,goal,Common,Grouping,grouping,Access,A
Motivation,Goal,goal,Common,Grouping,grouping,Influence,N
Motivation,Goal,goal,Common,Grouping,grouping,Association,O
Motivation,Goal,goal,Common,Grouping,grouping,Specialization,S
Motivation,Goal,goal,Common,Grouping,grouping,Flow,F
Motivation,Goal,goal,Common,Grouping,grouping,Triggering,T
Motivation,Goal,goal,Common,Location,location,Association,O
Motivation,Goal,goal,Common,Path,path,Association,O
Motivation,Goal,goal,Common,Process,process,Association,O
Motivation,Goal,goal,Common,Role,role,Association,O
Motivation,Goal,goal,Common,Service,service,Association,O
Motivation,Goal,goal,Motivation,Assessment,assessment,Influence,N
Motivation,Goal,goal,Motivation,Assessment,assessment,Association,O
Motivation,Goal,goal,Motivation,Driver,driver,Influence,N
Motivation,Goal,goal,Motivation,Driver,driver,Association,O
Motivation,Goal,goal,Motivation,Goal,goal,Composition,C
Motivation,Goal,goal,Motivation,Goal,goal,Aggregation,G
Motivation,Goal,goal,Motivation,Goal,goal,Influence,N
Motivation,Goal,goal,Motivation,Goal,goal,Association,O
Motivation,Goal,goal,Motivation,Goal,goal,Specialization,S
Motivation,Goal,goal,Motivation,Meaning,meaning,Influence,N
Motivation,Goal,goal,Motivation,Meaning,meaning,Association,O
Motivation,Goal,goal,Motivation,Outcome,outcome,Influence,N
Motivation,Goal,goal,Motivation,Outcome,outcome,Association,O
Motivation,Goal,goal,Motivation,Principle,principle,Influence,N
Motivation,Goal,goal,Motivation,Principle,principle,Association,O
Motivation,Goal,goal,Motivation,Requirement,requirement,Influence,N
Motivation,Goal,goal,Motivation,Requirement,requirement,Association,O
Motivation,Goal,goal,Motivation,Stakeholder,stakeholder,Influence,N
Motivation,Goal,goal,Motivation,Stakeholder,stakeholder,Association,O
Motivation,Goal,goal,Motivation,Value,value,Influence,N
Motivation,Goal,goal,Motivation,Value,value,Association,O
Motivation,Goal,goal,Strategy,Capability,capability,Association,O
Motivation,Goal,goal,Strategy,Course of Action,course-of-action,Association,O
Motivation,Goal,goal,Strategy,Resource,resource,Association,O
Motivation,Goal,goal,Strategy,Value Stream,value-stream,Association,O
Motivation,Goal,goal,Business,Business Actor,business-actor,Association,O
Motivation,Goal,goal,Business,Business Interface,business-interface,Association,O
Motivation,Goal,goal,Business,Business Object,business-object,Association,O
Motivation,Goal,goal,Business,Product,product,Association,O
Motivation,Goal,goal,Application,Application Component,application-component,Association,O
Motivation,Goal,goal,Application,Application Interface,application-interface,Association,O
Motivation,Goal,goal,Application,Data Object,data-object,Association,O
Motivation,Goal,goal,Technology,Artifact,artifact,Association,O
Motivation,Goal,goal,Technology,Communication Network,communication-network,Association,O
Motivation,Goal,goal,Technology,Device,device,Association,O
Motivation,Goal,goal,Technology,Distribution Network,distribution-network,Association,O
Motivation,Goal,goal,Technology,Equipment,equipment,Association,O
Motivation,Goal,goal,Technology,Facility,facility,Association,O
Motivation,Goal,goal,Technology,Material,material,Association,O
Motivation,Goal,goal,Technology,Node,technology-node,Association,O
Motivation,Goal,goal,Technology,System Software,system-software,Association,O
Motivation,Goal,goal,Technology,Technology Interface,technology-interface,Association,O
Motivation,Goal,goal,Implementation & Migration,Deliverable,deliverable,Association,O
Motivation,Goal,goal,Implementation & Migration,Plateau,plateau,Association,O
Motivation,Goal,goal,Implementation & Migration,Work Package,work-package,Association,O
Motivation,Meaning,meaning,Common,Collaboration,collaboration,Association,O
Motivation,Meaning,meaning,Common,Event,event,Association,O
Motivation,Meaning,meaning,Common,Function,function,Association,O
Motivation,Meaning,meaning,Common,Grouping,grouping,Composition,C
Motivation,Meaning,meaning,Common,Grouping,grouping,Aggregation,G
Motivation,Meaning,meaning,Common,Grouping,grouping,Assignment,I
Motivation,Meaning,meaning,Common,Grouping,grouping,Realization,R
Motivation,Meaning,meaning,Common,Grouping,grouping,Serving,V
Motivation,Meaning,meaning,Common,Grouping,grouping,Access,A
Motivation,Meaning,meaning,Common,Grouping,grouping,Influence,N
Motivation,Meaning,meaning,Common,Grouping,grouping,Association,O
Motivation,Meaning,meaning,Common,Grouping,grouping,Specialization,S
Motivation,Meaning,meaning,Common,Grouping,grouping,Flow,F
Motivation,Meaning,meaning,Common,Grouping,grouping,Triggering,T
Motivation,Meaning,meaning,Common,Location,location,Association,O
Motivation,Meaning,meaning,Common,Path,path,Association,O
Motivation,Meaning,meaning,Common,Process,process,Association,O
Motivation,Meaning,meaning,Common,Role,role,Association,O
Motivation,Meaning,meaning,Common,Service,service,Association,O
Motivation,Meaning,meaning,Motivation,Assessment,assessment,Influence,N
Motivation,Meaning,meaning,Motivation,Assessment,assessment,Association,O
Motivation,Meaning,meaning,Motivation,Driver,driver,Influence,N
Motivation,Meaning,meaning,Motivation,Driver,driver,Association,O
Motivation,Meaning,meaning,Motivation,Goal,goal,Influence,N
Motivation,Meaning,meaning,Motivation,Goal,goal,Association,O
Motivation,Meaning,meaning,Motivation,Meaning,meaning,Composition,C
Motivation,Meaning,meaning,Motivation,Meaning,meaning,Aggregation,G
Motivation,Meaning,meaning,Motivation,Meaning,meaning,Influence,N
Motivation,Meaning,meaning,Motivation,Meaning,meaning,Association,O
Motivation,Meaning,meaning,Motivation,Meaning,meaning,Specialization,S
Motivation,Meaning,meaning,Motivation,Outcome,outcome,Influence,N
Motivation,Meaning,meaning,Motivation,Outcome,outcome,Association,O
Motivation,Meaning,meaning,Motivation,Principle,principle,Influence,N
Motivation,Meaning,meaning,Motivation,Principle,principle,Association,O
Motivation,Meaning,meaning,Motivation,Requirement,requirement,Influence,N
Motivation,Meaning,meaning,Motivation,Requirement,requirement,Association,O
Motivation,Meaning,meaning,Motivation,Stakeholder,stakeholder,Influence,N
Motivation,Meaning,meaning,Motivation,Stakeholder,stakeholder,Association,O
Motivation,Meaning,meaning,Motivation,Value,value,Influence,N
Motivation,Meaning,meaning,Motivation,Value,value,Association,O
Motivation,Meaning,meaning,Strategy,Capability,capability,Association,O
Motivation,Meaning,meaning,Strategy,Course of Action,course-of-action,Association,O
Motivation,Meaning,meaning,Strategy,Resource,resource,Association,O
Motivation,Meaning,meaning,Strategy,Value Stream,value-stream,Association,O
Motivation,Meaning,meaning,Business,Business Actor,business-actor,Association,O
Motivation,Meaning,meaning,Business,Business Interface,business-interface,Association,O
Motivation,Meaning,meaning,Business,Business Object,business-object,Association,O
Motivation,Meaning,meaning,Business,Product,product,Association,O
Motivation,Meaning,meaning,Application,Application Component,application-component,Association,O
Motivation,Meaning,meaning,Application,Application Interface,application-interface,Association,O
Motivation,Meaning,meaning,Application,Data Object,data-object,Association,O
Motivation,Meaning,meaning,Technology,Artifact,artifact,Association,O
Motivation,Meaning,meaning,Technology,Communication Network,communication-network,Association,O
Motivation,Meaning,meaning,Technology,Device,device,Association,O
Motivation,Meaning,meaning,Technology,Distribution Network,distribution-network,Association,O
Motivation,Meaning,meaning,Technology,Equipment,equipment,Association,O
Motivation,Meaning,meaning,Technology,Facility,facility,Association,O
Motivation,Meaning,meaning,Technology,Material,material,Association,O
Motivation,Meaning,meaning,Technology,Node,technology-node,Association,O
Motivation,Meaning,meaning,Technology,System Software,system-software,Association,O
Motivation,Meaning,meaning,Technology,Technology Interface,technology-interface,Association,O
Motivation,Meaning,meaning,Implementation & Migration,Deliverable,deliverable,Association,O
Motivation,Meaning,meaning,Implementation & Migration,Plateau,plateau,Association,O
Motivation,Meaning,meaning,Implementation & Migration,Work Package,work-package,Association,O
Motivation,Outcome,outcome,Common,Collaboration,collaboration,Association,O
Motivation,Outcome,outcome,Common,Event,event,Association,O
Motivation,Outcome,outcome,Common,Function,function,Association,O
Motivation,Outcome,outcome,Common,Grouping,grouping,Composition,C
Motivation,Outcome,outcome,Common,Grouping,grouping,Aggregation,G
Motivation,Outcome,outcome,Common,Grouping,grouping,Assignment,I
Motivation,Outcome,outcome,Common,Grouping,grouping,Realization,R
Motivation,Outcome,outcome,Common,Grouping,grouping,Serving,V
Motivation,Outcome,outcome,Common,Grouping,grouping,Access,A
Motivation,Outcome,outcome,Common,Grouping,grouping,Influence,N
Motivation,Outcome,outcome,Common,Grouping,grouping,Association,O
Motivation,Outcome,outcome,Common,Grouping,grouping,Specialization,S
Motivation,Outcome,outcome,Common,Grouping,grouping,Flow,F
Motivation,Outcome,outcome,Common,Grouping,grouping,Triggering,T
Motivation,Outcome,outcome,Common,Location,location,Association,O
Motivation,Outcome,outcome,Common,Path,path,Association,O
Motivation,Outcome,outcome,Common,Process,process,Association,O
Motivation,Outcome,outcome,Common,Role,role,Association,O
Motivation,Outcome,outcome,Common,Service,service,Association,O
Motivation,Outcome,outcome,Motivation,Assessment,assessment,Influence,N
Motivation,Outcome,outcome,Motivation,Assessment,assessment,Association,O
Motivation,Outcome,outcome,Motivation,Driver,driver,Influence,N
Motivation,Outcome,outcome,Motivation,Driver,driver,Association,O
Motivation,Outcome,outcome,Motivation,Goal,goal,Realization,R
Motivation,Outcome,outcome,Motivation,Goal,goal,Influence,N
Motivation,Outcome,outcome,Motivation,Goal,goal,Association,O
Motivation,Outcome,outcome,Motivation,Meaning,meaning,Influence,N
Motivation,Outcome,outcome,Motivation,Meaning,meaning,Association,O
Motivation,Outcome,outcome,Motivation,Outcome,outcome,Composition,C
Motivation,Outcome,outcome,Motivation,Outcome,outcome,Aggregation,G
Motivation,Outcome,outcome,Motivation,Outcome,outcome,Influence,N
Motivation,Outcome,outcome,Motivation,Outcome,outcome,Association,O
Motivation,Outcome,outcome,Motivation,Outcome,outcome,Specialization,S
Motivation,Outcome,outcome,Motivation,Principle,principle,Influence,N
Motivation,Outcome,outcome,Motivation,Principle,principle,Association,O
Motivation,Outcome,outcome,Motivation,Requirement,requirement,Influence,N
Motivation,Outcome,outcome,Motivation,Requirement,requirement,Association,O
Motivation,Outcome,outcome,Motivation,Stakeholder,stakeholder,Influence,N
Motivation,Outcome,outcome,Motivation,Stakeholder,stakeholder,Association,O
Motivation,Outcome,outcome,Motivation,Value,value,Influence,N
Motivation,Outcome,outcome,Motivation,Value,value,Association,O
Motivation,Outcome,outcome,Strategy,Capability,capability,Association,O
Motivation,Outcome,outcome,Strategy,Course of Action,course-of-action,Association,O
Motivation,Outcome,outcome,Strategy,Resource,resource,Association,O
Motivation,Outcome,outcome,Strategy,Value Stream,value-stream,Association,O
Motivation,Outcome,outcome,Business,Business Actor,business-actor,Association,O
Motivation,Outcome,outcome,Business,Business Interface,business-interface,Association,O
Motivation,Outcome,outcome,Business,Business Object,business-object,Association,O
Motivation,Outcome,outcome,Business,Product,product,Association,O
Motivation,Outcome,outcome,Application,Application Component,application-component,Association,O
Motivation,Outcome,outcome,Application,Application Interface,application-interface,Association,O
Motivation,Outcome,outcome,Application,Data Object,data-object,Association,O
Motivation,Outcome,outcome,Technology,Artifact,artifact,Association,O
Motivation,Outcome,outcome,Technology,Communication Network,communication-network,Association,O
Motivation,Outcome,outcome,Technology,Device,device,Association,O
Motivation,Outcome,outcome,Technology,Distribution Network,distribution-network,Association,O
Motivation,Outcome,outcome,Technology,Equipment,equipment,Association,O
Motivation,Outcome,outcome,Technology,Facility,facility,Association,O
Motivation,Outcome,outcome,Technology,Material,material,Association,O
Motivation,Outcome,outcome,Technology,Node,technology-node,Association,O
Motivation,Outcome,outcome,Technology,System Software,system-software,Association,O
Motivation,Outcome,outcome,Technology,Technology Interface,technology-interface,Association,O
Motivation,Outcome,outcome,Implementation & Migration,Deliverable,deliverable,Association,O
Motivation,Outcome,outcome,Implementation & Migration,Plateau,plateau,Association,O
Motivation,Outcome,outcome,Implementation & Migration,Work Package,work-package,Association,O
Motivation,Principle,principle,Common,Collaboration,collaboration,Association,O
Motivation,Principle,principle,Common,Event,event,Association,O
Motivation,Principle,principle,Common,Function,function,Association,O
Motivation,Principle,principle,Common,Grouping,grouping,Composition,C
Motivation,Principle,principle,Common,Grouping,grouping,Aggregation,G
Motivation,Principle,principle,Common,Grouping,grouping,Assignment,I
Motivation,Principle,principle,Common,Grouping,grouping,Realization,R
Motivation,Principle,principle,Common,Grouping,grouping,Serving,V
Motivation,Principle,principle,Common,Grouping,grouping,Access,A
Motivation,Principle,principle,Common,Grouping,grouping,Influence,N
Motivation,Principle,principle,Common,Grouping,grouping,Association,O
Motivation,Principle,principle,Common,Grouping,grouping,Specialization,S
Motivation,Principle,principle,Common,Grouping,grouping,Flow,F
Motivation,Principle,principle,Common,Grouping,grouping,Triggering,T
Motivation,Principle,principle,Common,Location,location,Association,O
Motivation,Principle,principle,Common,Path,path,Association,O
Motivation,Principle,principle,Common,Process,process,Association,O
Motivation,Principle,principle,Common,Role,role,Association,O
Motivation,Principle,principle,Common,Service,service,Association,O
Motivation,Principle,principle,Motivation,Assessment,assessment,Influence,N
Motivation,Principle,principle,Motivation,Assessment,assessment,Association,O
Motivation,Principle,principle,Motivation,Driver,driver,Influence,N
Motivation,Principle,principle,Motivation,Driver,driver,Association,O
Motivation,Principle,principle,Motivation,Goal,goal,Influence,N
Motivation,Principle,principle,Motivation,Goal,goal,Association,O
Motivation,Principle,principle,Motivation,Meaning,meaning,Influence,N
Motivation,Principle,principle,Motivation,Meaning,meaning,Association,O
Motivation,Principle,principle,Motivation,Outcome,outcome,Realization,R
Motivation,Principle,principle,Motivation,Outcome,outcome,Influence,N
Motivation,Principle,principle,Motivation,Outcome,outcome,Association,O
Motivation,Principle,principle,Motivation,Principle,principle,Composition,C
Motivation,Principle,principle,Motivation,Principle,principle,Aggregation,G
Motivation,Principle,principle,Motivation,Principle,principle,Influence,N
Motivation,Principle,principle,Motivation,Principle,principle,Association,O
Motivation,Principle,principle,Motivation,Principle,principle,Specialization,S
Motivation,Principle,principle,Motivation,Requirement,requirement,Influence,N
Motivation,Principle,principle,Motivation,Requirement,requirement,Association,O
Motivation,Principle,principle,Motivation,Stakeholder,stakeholder,Influence,N
Motivation,Principle,principle,Motivation,Stakeholder,stakeholder,Association,O
Motivation,Principle,principle,Motivation,Value,value,Influence,N
Motivation,Principle,principle,Motivation,Value,value,Association,O
Motivation,Principle,principle,Strategy,Capability,capability,Association,O
Motivation,Principle,principle,Strategy,Course of Action,course-of-action,Association,O
Motivation,Principle,principle,Strategy,Resource,resource,Association,O
Motivation,Principle,principle,Strategy,Value Stream,value-stream,Association,O
Motivation,Principle,principle,Business,Business Actor,business-actor,Association,O
Motivation,Principle,principle,Business,Business Interface,business-interface,Association,O
Motivation,Principle,principle,Business,Business Object,business-object,Association,O
Motivation,Principle,principle,Business,Product,product,Association,O
Motivation,Principle,principle,Application,Application Component,application-component,Association,O
Motivation,Principle,principle,Application,Application Interface,application-interface,Association,O
Motivation,Principle,principle,Application,Data Object,data-object,Association,O
Motivation,Principle,principle,Technology,Artifact,artifact,Association,O
Motivation,Principle,principle,Technology,Communication Network,communication-network,Association,O
Motivation,Principle,principle,Technology,Device,device,Association,O
Motivation,Principle,principle,Technology,Distribution Network,distribution-network,Association,O
Motivation,Principle,principle,Technology,Equipment,equipment,Association,O
Motivation,Principle,principle,Technology,Facility,facility,Association,O
Motivation,Principle,principle,Technology,Material,material,Association,O
Motivation,Principle,principle,Technology,Node,technology-node,Association,O
Motivation,Principle,principle,Technology,System Software,system-software,Association,O
Motivation,Principle,principle,Technology,Technology Interface,technology-interface,Association,O
Motivation,Principle,principle,Implementation & Migration,Deliverable,deliverable,Association,O
Motivation,Principle,principle,Implementation & Migration,Plateau,plateau,Association,O
Motivation,Principle,principle,Implementation & Migration,Work Package,work-package,Association,O
Motivation,Requirement,requirement,Common,Collaboration,collaboration,Association,O
Motivation,Requirement,requirement,Common,Event,event,Association,O
Motivation,Requirement,requirement,Common,Function,function,Association,O
Motivation,Requirement,requirement,Common,Grouping,grouping,Composition,C
Motivation,Requirement,requirement,Common,Grouping,grouping,Aggregation,G
Motivation,Requirement,requirement,Common,Grouping,grouping,Assignment,I
Motivation,Requirement,requirement,Common,Grouping,grouping,Realization,R
Motivation,Requirement,requirement,Common,Grouping,grouping,Serving,V
Motivation,Requirement,requirement,Common,Grouping,grouping,Access,A
Motivation,Requirement,requirement,Common,Grouping,grouping,Influence,N
Motivation,Requirement,requirement,Common,Grouping,grouping,Association,O
Motivation,Requirement,requirement,Common,Grouping,grouping,Specialization,S
Motivation,Requirement,requirement,Common,Grouping,grouping,Flow,F
Motivation,Requirement,requirement,Common,Grouping,grouping,Triggering,T
Motivation,Requirement,requirement,Common,Location,location,Association,O
Motivation,Requirement,requirement,Common,Path,path,Association,O
Motivation,Requirement,requirement,Common,Process,process,Association,O
Motivation,Requirement,requirement,Common,Role,role,Association,O
Motivation,Requirement,requirement,Common,Service,service,Association,O
Motivation,Requirement,requirement,Motivation,Assessment,assessment,Influence,N
Motivation,Requirement,requirement,Motivation,Assessment,assessment,Association,O
Motivation,Requirement,requirement,Motivation,Driver,driver,Influence,N
Motivation,Requirement,requirement,Motivation,Driver,driver,Association,O
Motivation,Requirement,requirement,Motivation,Goal,goal,Influence,N
Motivation,Requirement,requirement,Motivation,Goal,goal,Association,O
Motivation,Requirement,requirement,Motivation,Meaning,meaning,Influence,N
Motivation,Requirement,requirement,Motivation,Meaning,meaning,Association,O
Motivation,Requirement,requirement,Motivation,Outcome,outcome,Realization,R
Motivation,Requirement,requirement,Motivation,Outcome,outcome,Influence,N
Motivation,Requirement,requirement,Motivation,Outcome,outcome,Association,O
Motivation,Requirement,requirement,Motivation,Principle,principle,Realization,R
Motivation,Requirement,requirement,Motivation,Principle,principle,Influence,N
Motivation,Requirement,requirement,Motivation,Principle,principle,Association,O
Motivation,Requirement,requirement,Motivation,Requirement,requirement,Composition,C
Motivation,Requirement,requirement,Motivation,Requirement,requirement,Aggregation,G
Motivation,Requirement,requirement,Motivation,Requirement,requirement,Influence,N
Motivation,Requirement,requirement,Motivation,Requirement,requirement,Association,O
Motivation,Requirement,requirement,Motivation,Requirement,requirement,Specialization,S
Motivation,Requirement,requirement,Motivation,Stakeholder,stakeholder,Influence,N
Motivation,Requirement,requirement,Motivation,Stakeholder,stakeholder,Association,O
Motivation,Requirement,requirement,Motivation,Value,value,Influence,N
Motivation,Requirement,requirement,Motivation,Value,value,Association,O
Motivation,Requirement,requirement,Strategy,Capability,capability,Association,O
Motivation,Requirement,requirement,Strategy,Course of Action,course-of-action,Association,O
Motivation,Requirement,requirement,Strategy,Resource,resource,Association,O
Motivation,Requirement,requirement,Strategy,Value Stream,value-stream,Association,O
Motivation,Requirement,requirement,Business,Business Actor,business-actor,Association,O
Motivation,Requirement,requirement,Business,Business Interface,business-interface,Association,O
Motivation,Requirement,requirement,Business,Business Object,business-object,Association,O
Motivation,Requirement,requirement,Business,Product,product,Association,O
Motivation,Requirement,requirement,Application,Application Component,application-component,Association,O
Motivation,Requirement,requirement,Application,Application Interface,application-interface,Association,O
Motivation,Requirement,requirement,Application,Data Object,data-object,Association,O
Motivation,Requirement,requirement,Technology,Artifact,artifact,Association,O
Motivation,Requirement,requirement,Technology,Communication Network,communication-network,Association,O
Motivation,Requirement,requirement,Technology,Device,device,Association,O
Motivation,Requirement,requirement,Technology,Distribution Network,distribution-network,Association,O
Motivation,Requirement,requirement,Technology,Equipment,equipment,Association,O
Motivation,Requirement,requirement,Technology,Facility,facility,Association,O
Motivation,Requirement,requirement,Technology,Material,material,Association,O
Motivation,Requirement,requirement,Technology,Node,technology-node,Association,O
Motivation,Requirement,requirement,Technology,System Software,system-software,Association,O
Motivation,Requirement,requirement,Technology,Technology Interface,technology-interface,Association,O
Motivation,Requirement,requirement,Implementation & Migration,Deliverable,deliverable,Association,O
Motivation,Requirement,requirement,Implementation & Migration,Plateau,plateau,Association,O
Motivation,Requirement,requirement,Implementation & Migration,Work Package,work-package,Association,O
Motivation,Stakeholder,stakeholder,Common,Collaboration,collaboration,Association,O
Motivation,Stakeholder,stakeholder,Common,Event,event,Association,O
Motivation,Stakeholder,stakeholder,Common,Function,function,Association,O
Motivation,Stakeholder,stakeholder,Common,Grouping,grouping,Composition,C
Motivation,Stakeholder,stakeholder,Common,Grouping,grouping,Aggregation,G
Motivation,Stakeholder,stakeholder,Common,Grouping,grouping,Assignment,I
Motivation,Stakeholder,stakeholder,Common,Grouping,grouping,Realization,R
Motivation,Stakeholder,stakeholder,Common,Grouping,grouping,Serving,V
Motivation,Stakeholder,stakeholder,Common,Grouping,grouping,Access,A
Motivation,Stakeholder,stakeholder,Common,Grouping,grouping,Influence,N
Motivation,Stakeholder,stakeholder,Common,Grouping,grouping,Association,O
Motivation,Stakeholder,stakeholder,Common,Grouping,grouping,Specialization,S
Motivation,Stakeholder,stakeholder,Common,Grouping,grouping,Flow,F
Motivation,Stakeholder,stakeholder,Common,Grouping,grouping,Triggering,T
Motivation,Stakeholder,stakeholder,Common,Location,location,Association,O
Motivation,Stakeholder,stakeholder,Common,Path,path,Association,O
Motivation,Stakeholder,stakeholder,Common,Process,process,Association,O
Motivation,Stakeholder,stakeholder,Common,Role,role,Association,O
Motivation,Stakeholder,stakeholder,Common,Service,service,Association,O
Motivation,Stakeholder,stakeholder,Motivation,Assessment,assessment,Influence,N
Motivation,Stakeholder,stakeholder,Motivation,Assessment,assessment,Association,O
Motivation,Stakeholder,stakeholder,Motivation,Driver,driver,Influence,N
Motivation,Stakeholder,stakeholder,Motivation,Driver,driver,Association,O
Motivation,Stakeholder,stakeholder,Motivation,Goal,goal,Influence,N
Motivation,Stakeholder,stakeholder,Motivation,Goal,goal,Association,O
Motivation,Stakeholder,stakeholder,Motivation,Meaning,meaning,Influence,N
Motivation,Stakeholder,stakeholder,Motivation,Meaning,meaning,Association,O
Motivation,Stakeholder,stakeholder,Motivation,Outcome,outcome,Influence,N
Motivation,Stakeholder,stakeholder,Motivation,Outcome,outcome,Association,O
Motivation,Stakeholder,stakeholder,Motivation,Principle,principle,Influence,N
Motivation,Stakeholder,stakeholder,Motivation,Principle,principle,Association,O
Motivation,Stakeholder,stakeholder,Motivation,Requirement,requirement,Influence,N
Motivation,Stakeholder,stakeholder,Motivation,Requirement,requirement,Association,O
Motivation,Stakeholder,stakeholder,Motivation,Stakeholder,stakeholder,Composition,C
Motivation,Stakeholder,stakeholder,Motivation,Stakeholder,stakeholder,Aggregation,G
Motivation,Stakeholder,stakeholder,Motivation,Stakeholder,stakeholder,Influence,N
Motivation,Stakeholder,stakeholder,Motivation,Stakeholder,stakeholder,Association,O
Motivation,Stakeholder,stakeholder,Motivation,Stakeholder,stakeholder,Specialization,S
Motivation,Stakeholder,stakeholder,Motivation,Value,value,Influence,N
Motivation,Stakeholder,stakeholder,Motivation,Value,value,Association,O
Motivation,Stakeholder,stakeholder,Strategy,Capability,capability,Association,O
Motivation,Stakeholder,stakeholder,Strategy,Course of Action,course-of-action,Association,O
Motivation,Stakeholder,stakeholder,Strategy,Resource,resource,Association,O
Motivation,Stakeholder,stakeholder,Strategy,Value Stream,value-stream,Association,O
Motivation,Stakeholder,stakeholder,Business,Business Actor,business-actor,Association,O
Motivation,Stakeholder,stakeholder,Business,Business Interface,business-interface,Association,O
Motivation,Stakeholder,stakeholder,Business,Business Object,business-object,Association,O
Motivation,Stakeholder,stakeholder,Business,Product,product,Association,O
Motivation,Stakeholder,stakeholder,Application,Application Component,application-component,Association,O
Motivation,Stakeholder,stakeholder,Application,Application Interface,application-interface,Association,O
Motivation,Stakeholder,stakeholder,Application,Data Object,data-object,Association,O
Motivation,Stakeholder,stakeholder,Technology,Artifact,artifact,Association,O
Motivation,Stakeholder,stakeholder,Technology,Communication Network,communication-network,Association,O
Motivation,Stakeholder,stakeholder,Technology,Device,device,Association,O
Motivation,Stakeholder,stakeholder,Technology,Distribution Network,distribution-network,Association,O
Motivation,Stakeholder,stakeholder,Technology,Equipment,equipment,Association,O
Motivation,Stakeholder,stakeholder,Technology,Facility,facility,Association,O
Motivation,Stakeholder,stakeholder,Technology,Material,material,Association,O
Motivation,Stakeholder,stakeholder,Technology,Node,technology-node,Association,O
Motivation,Stakeholder,stakeholder,Technology,System Software,system-software,Association,O
Motivation,Stakeholder,stakeholder,Technology,Technology Interface,technology-interface,Association,O
Motivation,Stakeholder,stakeholder,Implementation & Migration,Deliverable,deliverable,Association,O
Motivation,Stakeholder,stakeholder,Implementation & Migration,Plateau,plateau,Association,O
Motivation,Stakeholder,stakeholder,Implementation & Migration,Work Package,work-package,Association,O
Motivation,Value,value,Common,Collaboration,collaboration,Association,O
Motivation,Value,value,Common,Event,event,Association,O
Motivation,Value,value,Common,Function,function,Association,O
Motivation,Value,value,Common,Grouping,grouping,Composition,C
Motivation,Value,value,Common,Grouping,grouping,Aggregation,G
Motivation,Value,value,Common,Grouping,grouping,Assignment,I
Motivation,Value,value,Common,Grouping,grouping,Realization,R
Motivation,Value,value,Common,Grouping,grouping,Serving,V
Motivation,Value,value,Common,Grouping,grouping,Access,A
Motivation,Value,value,Common,Grouping,grouping,Influence,N
Motivation,Value,value,Common,Grouping,grouping,Association,O
Motivation,Value,value,Common,Grouping,grouping,Specialization,S
Motivation,Value,value,Common,Grouping,grouping,Flow,F
Motivation,Value,value,Common,Grouping,grouping,Triggering,T
Motivation,Value,value,Common,Location,location,Association,O
Motivation,Value,value,Common,Path,path,Association,O
Motivation,Value,value,Common,Process,process,Association,O
Motivation,Value,value,Common,Role,role,Association,O
Motivation,Value,value,Common,Service,service,Association,O
Motivation,Value,value,Motivation,Assessment,assessment,Influence,N
Motivation,Value,value,Motivation,Assessment,assessment,Association,O
Motivation,Value,value,Motivation,Driver,driver,Influence,N
Motivation,Value,value,Motivation,Driver,driver,Association,O
Motivation,Value,value,Motivation,Goal,goal,Influence,N
Motivation,Value,value,Motivation,Goal,goal,Association,O
Motivation,Value,value,Motivation,Meaning,meaning,Influence,N
Motivation,Value,value,Motivation,Meaning,meaning,Association,O
Motivation,Value,value,Motivation,Outcome,outcome,Influence,N
Motivation,Value,value,Motivation,Outcome,outcome,Association,O
Motivation,Value,value,Motivation,Principle,principle,Influence,N
Motivation,Value,value,Motivation,Principle,principle,Association,O
Motivation,Value,value,Motivation,Requirement,requirement,Influence,N
Motivation,Value,value,Motivation,Requirement,requirement,Association,O
Motivation,Value,value,Motivation,Stakeholder,stakeholder,Influence,N
Motivation,Value,value,Motivation,Stakeholder,stakeholder,Association,O
Motivation,Value,value,Motivation,Value,value,Composition,C
Motivation,Value,value,Motivation,Value,value,Aggregation,G
Motivation,Value,value,Motivation,Value,value,Influence,N
Motivation,Value,value,Motivation,Value,value,Association,O
Motivation,Value,value,Motivation,Value,value,Specialization,S
Motivation,Value,value,Strategy,Capability,capability,Association,O
Motivation,Value,value,Strategy,Course of Action,course-of-action,Association,O
Motivation,Value,value,Strategy,Resource,resource,Association,O
Motivation,Value,value,Strategy,Value Stream,value-stream,Association,O
Motivation,Value,value,Business,Business Actor,business-actor,Association,O
Motivation,Value,value,Business,Business Interface,business-interface,Association,O
Motivation,Value,value,Business,Business Object,business-object,Association,O
Motivation,Value,value,Business,Product,product,Association,O
Motivation,Value,value,Application,Application Component,application-component,Association,O
Motivation,Value,value,Application,Application Interface,application-interface,Association,O
Motivation,Value,value,Application,Data Object,data-object,Association,O
Motivation,Value,value,Technology,Artifact,artifact,Association,O
Motivation,Value,value,Technology,Communication Network,communication-network,Association,O
Motivation,Value,value,Technology,Device,device,Association,O
Motivation,Value,value,Technology,Distribution Network,distribution-network,Association,O
Motivation,Value,value,Technology,Equipment,equipment,Association,O
Motivation,Value,value,Technology,Facility,facility,Association,O
Motivation,Value,value,Technology,Material,material,Association,O
Motivation,Value,value,Technology,Node,technology-node,Association,O
Motivation,Value,value,Technology,System Software,system-software,Association,O
Motivation,Value,value,Technology,Technology Interface,technology-interface,Association,O
Motivation,Value,value,Implementation & Migration,Deliverable,deliverable,Association,O
Motivation,Value,value,Implementation & Migration,Plateau,plateau,Association,O
Motivation,Value,value,Implementation & Migration,Work Package,work-package,Association,O
Strategy,Capability,capability,Common,Collaboration,collaboration,Association,O
Strategy,Capability,capability,Common,Event,event,Association,O
Strategy,Capability,capability,Common,Function,function,Association,O
Strategy,Capability,capability,Common,Grouping,grouping,Composition,C
Strategy,Capability,capability,Common,Grouping,grouping,Aggregation,G
Strategy,Capability,capability,Common,Grouping,grouping,Assignment,I
Strategy,Capability,capability,Common,Grouping,grouping,Realization,R
Strategy,Capability,capability,Common,Grouping,grouping,Serving,V
Strategy,Capability,capability,Common,Grouping,grouping,Access,A
Strategy,Capability,capability,Common,Grouping,grouping,Influence,N
Strategy,Capability,capability,Common,Grouping,grouping,Association,O
Strategy,Capability,capability,Common,Grouping,grouping,Specialization,S
Strategy,Capability,capability,Common,Grouping,grouping,Flow,F
Strategy,Capability,capability,Common,Grouping,grouping,Triggering,T
Strategy,Capability,capability,Common,Location,location,Association,O
Strategy,Capability,capability,Common,Path,path,Association,O
Strategy,Capability,capability,Common,Process,process,Association,O
Strategy,Capability,capability,Common,Role,role,Association,O
Strategy,Capability,capability,Common,Service,service,Association,O
Strategy,Capability,capability,Motivation,Assessment,assessment,Association,O
Strategy,Capability,capability,Motivation,Driver,driver,Association,O
Strategy,Capability,capability,Motivation,Goal,goal,Association,O
Strategy,Capability,capability,Motivation,Meaning,meaning,Association,O
Strategy,Capability,capability,Motivation,Outcome,outcome,Association,O
Strategy,Capability,capability,Motivation,Principle,principle,Association,O
Strategy,Capability,capability,Motivation,Requirement,requirement,Realization,R
Strategy,Capability,capability,Motivation,Requirement,requirement,Influence,N
Strategy,Capability,capability,Motivation,Requirement,requirement,Association,O
Strategy,Capability,capability,Motivation,Stakeholder,stakeholder,Association,O
Strategy,Capability,capability,Motivation,Value,value,Association,O
Strategy,Capability,capability,Strategy,Capability,capability,Composition,C
Strategy,Capability,capability,Strategy,Capability,capability,Aggregation,G
Strategy,Capability,capability,Strategy,Capability,capability,Serving,V
Strategy,Capability,capability,Strategy,Capability,capability,Association,O
Strategy,Capability,capability,Strategy,Capability,capability,Specialization,S
Strategy,Capability,capability,Strategy,Capability,capability,Flow,F
Strategy,Capability,capability,Strategy,Capability,capability,Triggering,T
Strategy,Capability,capability,Strategy,Course of Action,course-of-action,Realization,R
Strategy,Capability,capability,Strategy,Course of Action,course-of-action,Serving,V
Strategy,Capability,capability,Strategy,Course of Action,course-of-action,Association,O
Strategy,Capability,capability,Strategy,Course of Action,course-of-action,Flow,F
Strategy,Capability,capability,Strategy,Course of Action,course-of-action,Triggering,T
Strategy,Capability,capability,Strategy,Resource,resource,Association,O
Strategy,Capability,capability,Strategy,Value Stream,value-stream,Serving,V
Strategy,Capability,capability,Strategy,Value Stream,value-stream,Association,O
Strategy,Capability,capability,Strategy,Value Stream,value-stream,Flow,F
Strategy,Capability,capability,Strategy,Value Stream,value-stream,Triggering,T
Strategy,Capability,capability,Business,Business Actor,business-actor,Association,O
Strategy,Capability,capability,Business,Business Interface,business-interface,Association,O
Strategy,Capability,capability,Business,Business Object,business-object,Association,O
Strategy,Capability,capability,Business,Product,product,Association,O
Strategy,Capability,capability,Application,Application Component,application-component,Association,O
Strategy,Capability,capability,Application,Application Interface,application-interface,Association,O
Strategy,Capability,capability,Application,Data Object,data-object,Association,O
Strategy,Capability,capability,Technology,Artifact,artifact,Association,O
Strategy,Capability,capability,Technology,Communication Network,communication-network,Association,O
Strategy,Capability,capability,Technology,Device,device,Association,O
Strategy,Capability,capability,Technology,Distribution Network,distribution-network,Association,O
Strategy,Capability,capability,Technology,Equipment,equipment,Association,O
Strategy,Capability,capability,Technology,Facility,facility,Association,O
Strategy,Capability,capability,Technology,Material,material,Association,O
Strategy,Capability,capability,Technology,Node,technology-node,Association,O
Strategy,Capability,capability,Technology,System Software,system-software,Association,O
Strategy,Capability,capability,Technology,Technology Interface,technology-interface,Association,O
Strategy,Capability,capability,Implementation & Migration,Deliverable,deliverable,Association,O
Strategy,Capability,capability,Implementation & Migration,Plateau,plateau,Association,O
Strategy,Capability,capability,Implementation & Migration,Work Package,work-package,Association,O
Strategy,Course of Action,course-of-action,Common,Collaboration,collaboration,Association,O
Strategy,Course of Action,course-of-action,Common,Event,event,Association,O
Strategy,Course of Action,course-of-action,Common,Function,function,Association,O
Strategy,Course of Action,course-of-action,Common,Grouping,grouping,Composition,C
Strategy,Course of Action,course-of-action,Common,Grouping,grouping,Aggregation,G
Strategy,Course of Action,course-of-action,Common,Grouping,grouping,Assignment,I
Strategy,Course of Action,course-of-action,Common,Grouping,grouping,Realization,R
Strategy,Course of Action,course-of-action,Common,Grouping,grouping,Serving,V
Strategy,Course of Action,course-of-action,Common,Grouping,grouping,Access,A
Strategy,Course of Action,course-of-action,Common,Grouping,grouping,Influence,N
Strategy,Course of Action,course-of-action,Common,Grouping,grouping,Association,O
Strategy,Course of Action,course-of-action,Common,Grouping,grouping,Specialization,S
Strategy,Course of Action,course-of-action,Common,Grouping,grouping,Flow,F
Strategy,Course of Action,course-of-action,Common,Grouping,grouping,Triggering,T
Strategy,Course of Action,course-of-action,Common,Location,location,Association,O
Strategy,Course of Action,course-of-action,Common,Path,path,Association,O
Strategy,Course of Action,course-of-action,Common,Process,process,Association,O
Strategy,Course of Action,course-of-action,Common,Role,role,Association,O
Strategy,Course of Action,course-of-action,Common,Service,service,Association,O
Strategy,Course of Action,course-of-action,Motivation,Assessment,assessment,Association,O
Strategy,Course of Action,course-of-action,Motivation,Driver,driver,Association,O
Strategy,Course of Action,course-of-action,Motivation,Goal,goal,Association,O
Strategy,Course of Action,course-of-action,Motivation,Meaning,meaning,Association,O
Strategy,Course of Action,course-of-action,Motivation,Outcome,outcome,Realization,R
Strategy,Course of Action,course-of-action,Motivation,Outcome,outcome,Influence,N
Strategy,Course of Action,course-of-action,Motivation,Outcome,outcome,Association,O
Strategy,Course of Action,course-of-action,Motivation,Principle,principle,Association,O
Strategy,Course of Action,course-of-action,Motivation,Requirement,requirement,Realization,R
Strategy,Course of Action,course-of-action,Motivation,Requirement,requirement,Influence,N
Strategy,Course of Action,course-of-action,Motivation,Requirement,requirement,Association,O
Strategy,Course of Action,course-of-action,Motivation,Stakeholder,stakeholder,Association,O
Strategy,Course of Action,course-of-action,Motivation,Value,value,Association,O
Strategy,Course of Action,course-of-action,Strategy,Capability,capability,Serving,V
Strategy,Course of Action,course-of-action,Strategy,Capability,capability,Association,O
Strategy,Course of Action,course-of-action,Strategy,Capability,capability,Flow,F
Strategy,Course of Action,course-of-action,Strategy,Capability,capability,Triggering,T
Strategy,Course of Action,course-of-action,Strategy,Course of Action,course-of-action,Composition,C
Strategy,Course of Action,course-of-action,Strategy,Course of Action,course-of-action,Aggregation,G
Strategy,Course of Action,course-of-action,Strategy,Course of Action,course-of-action,Serving,V
Strategy,Course of Action,course-of-action,Strategy,Course of Action,course-of-action,Association,O
Strategy,Course of Action,course-of-action,Strategy,Course of Action,course-of-action,Specialization,S
Strategy,Course of Action,course-of-action,Strategy,Course of Action,course-of-action,Flow,F
Strategy,Course of Action,course-of-action,Strategy,Course of Action,course-of-action,Triggering,T
Strategy,Course of Action,course-of-action,Strategy,Resource,resource,Association,O
Strategy,Course of Action,course-of-action,Strategy,Value Stream,value-stream,Serving,V
Strategy,Course of Action,course-of-action,Strategy,Value Stream,value-stream,Association,O
Strategy,Course of Action,course-of-action,Strategy,Value Stream,value-stream,Flow,F
Strategy,Course of Action,course-of-action,Strategy,Value Stream,value-stream,Triggering,T
Strategy,Course of Action,course-of-action,Business,Business Actor,business-actor,Association,O
Strategy,Course of Action,course-of-action,Business,Business Interface,business-interface,Association,O
Strategy,Course of Action,course-of-action,Business,Business Object,business-object,Association,O
Strategy,Course of Action,course-of-action,Business,Product,product,Association,O
Strategy,Course of Action,course-of-action,Application,Application Component,application-component,Association,O
Strategy,Course of Action,course-of-action,Application,Application Interface,application-interface,Association,O
Strategy,Course of Action,course-of-action,Application,Data Object,data-object,Association,O
Strategy,Course of Action,course-of-action,Technology,Artifact,artifact,Association,O
Strategy,Course of Action,course-of-action,Technology,Communication Network,communication-network,Association,O
Strategy,Course of Action,course-of-action,Technology,Device,device,Association,O
Strategy,Course of Action,course-of-action,Technology,Distribution Network,distribution-network,Association,O
Strategy,Course of Action,course-of-action,Technology,Equipment,equipment,Association,O
Strategy,Course of Action,course-of-action,Technology,Facility,facility,Association,O
Strategy,Course of Action,course-of-action,Technology,Material,material,Association,O
Strategy,Course of Action,course-of-action,Technology,Node,technology-node,Association,O
Strategy,Course of Action,course-of-action,Technology,System Software,system-software,Association,O
Strategy,Course of Action,course-of-action,Technology,Technology Interface,technology-interface,Association,O
Strategy,Course of Action,course-of-action,Implementation & Migration,Deliverable,deliverable,Association,O
Strategy,Course of Action,course-of-action,Implementation & Migration,Plateau,plateau,Association,O
Strategy,Course of Action,course-of-action,Implementation & Migration,Work Package,work-package,Association,O
Strategy,Resource,resource,Common,Collaboration,collaboration,Association,O
Strategy,Resource,resource,Common,Event,event,Association,O
Strategy,Resource,resource,Common,Function,function,Association,O
Strategy,Resource,resource,Common,Grouping,grouping,Composition,C
Strategy,Resource,resource,Common,Grouping,grouping,Aggregation,G
Strategy,Resource,resource,Common,Grouping,grouping,Assignment,I
Strategy,Resource,resource,Common,Grouping,grouping,Realization,R
Strategy,Resource,resource,Common,Grouping,grouping,Serving,V
Strategy,Resource,resource,Common,Grouping,grouping,Access,A
Strategy,Resource,resource,Common,Grouping,grouping,Influence,N
Strategy,Resource,resource,Common,Grouping,grouping,Association,O
Strategy,Resource,resource,Common,Grouping,grouping,Specialization,S
Strategy,Resource,resource,Common,Grouping,grouping,Flow,F
Strategy,Resource,resource,Common,Grouping,grouping,Triggering,T
Strategy,Resource,resource,Common,Location,location,Association,O
Strategy,Resource,resource,Common,Path,path,Association,O
Strategy,Resource,resource,Common,Process,process,Association,O
Strategy,Resource,resource,Common,Role,role,Association,O
Strategy,Resource,resource,Common,Service,service,Association,O
Strategy,Resource,resource,Motivation,Assessment,assessment,Association,O
Strategy,Resource,resource,Motivation,Driver,driver,Association,O
Strategy,Resource,resource,Motivation,Goal,goal,Association,O
Strategy,Resource,resource,Motivation,Meaning,meaning,Association,O
Strategy,Resource,resource,Motivation,Outcome,outcome,Association,O
Strategy,Resource,resource,Motivation,Principle,principle,Association,O
Strategy,Resource,resource,Motivation,Requirement,requirement,Realization,R
Strategy,Resource,resource,Motivation,Requirement,requirement,Influence,N
Strategy,Resource,resource,Motivation,Requirement,requirement,Association,O
Strategy,Resource,resource,Motivation,Stakeholder,stakeholder,Association,O
Strategy,Resource,resource,Motivation,Value,value,Association,O
Strategy,Resource,resource,Strategy,Capability,capability,Assignment,I
Strategy,Resource,resource,Strategy,Capability,capability,Association,O
Strategy,Resource,resource,Strategy,Course of Action,course-of-action,Assignment,I
Strategy,Resource,resource,Strategy,Course of Action,course-of-action,Association,O
Strategy,Resource,resource,Strategy,Resource,resource,Composition,C
Strategy,Resource,resource,Strategy,Resource,resource,Aggregation,G
Strategy,Resource,resource,Strategy,Resource,resource,Association,O
Strategy,Resource,resource,Strategy,Resource,resource,Specialization,S
Strategy,Resource,resource,Strategy,Value Stream,value-stream,Assignment,I
Strategy,Resource,resource,Strategy,Value Stream,value-stream,Association,O
Strategy,Resource,resource,Business,Business Actor,business-actor,Association,O
Strategy,Resource,resource,Business,Business Interface,business-interface,Association,O
Strategy,Resource,resource,Business,Business Object,business-object,Association,O
Strategy,Resource,resource,Business,Product,product,Association,O
Strategy,Resource,resource,Application,Application Component,application-component,Association,O
Strategy,Resource,resource,Application,Application Interface,application-interface,Association,O
Strategy,Resource,resource,Application,Data Object,data-object,Association,O
Strategy,Resource,resource,Technology,Artifact,artifact,Association,O
Strategy,Resource,resource,Technology,Communication Network,communication-network,Association,O
Strategy,Resource,resource,Technology,Device,device,Association,O
Strategy,Resource,resource,Technology,Distribution Network,distribution-network,Association,O
Strategy,Resource,resource,Technology,Equipment,equipment,Association,O
Strategy,Resource,resource,Technology,Facility,facility,Association,O
Strategy,Resource,resource,Technology,Material,material,Association,O
Strategy,Resource,resource,Technology,Node,technology-node,Association,O
Strategy,Resource,resource,Technology,System Software,system-software,Association,O
Strategy,Resource,resource,Technology,Technology Interface,technology-interface,Association,O
Strategy,Resource,resource,Implementation & Migration,Deliverable,deliverable,Association,O
Strategy,Resource,resource,Implementation & Migration,Plateau,plateau,Association,O
Strategy,Resource,resource,Implementation & Migration,Work Package,work-package,Association,O
Strategy,Value Stream,value-stream,Common,Collaboration,collaboration,Association,O
Strategy,Value Stream,value-stream,Common,Event,event,Association,O
Strategy,Value Stream,value-stream,Common,Function,function,Association,O
Strategy,Value Stream,value-stream,Common,Grouping,grouping,Composition,C
Strategy,Value Stream,value-stream,Common,Grouping,grouping,Aggregation,G
Strategy,Value Stream,value-stream,Common,Grouping,grouping,Assignment,I
Strategy,Value Stream,value-stream,Common,Grouping,grouping,Realization,R
Strategy,Value Stream,value-stream,Common,Grouping,grouping,Serving,V
Strategy,Value Stream,value-stream,Common,Grouping,grouping,Access,A
Strategy,Value Stream,value-stream,Common,Grouping,grouping,Influence,N
Strategy,Value Stream,value-stream,Common,Grouping,grouping,Association,O
Strategy,Value Stream,value-stream,Common,Grouping,grouping,Specialization,S
Strategy,Value Stream,value-stream,Common,Grouping,grouping,Flow,F
Strategy,Value Stream,value-stream,Common,Grouping,grouping,Triggering,T
Strategy,Value Stream,value-stream,Common,Location,location,Association,O
Strategy,Value Stream,value-stream,Common,Path,path,Association,O
Strategy,Value Stream,value-stream,Common,Process,process,Association,O
Strategy,Value Stream,value-stream,Common,Role,role,Association,O
Strategy,Value Stream,value-stream,Common,Service,service,Association,O
Strategy,Value Stream,value-stream,Motivation,Assessment,assessment,Association,O
Strategy,Value Stream,value-stream,Motivation,Driver,driver,Association,O
Strategy,Value Stream,value-stream,Motivation,Goal,goal,Association,O
Strategy,Value Stream,value-stream,Motivation,Meaning,meaning,Association,O
Strategy,Value Stream,value-stream,Motivation,Outcome,outcome,Association,O
Strategy,Value Stream,value-stream,Motivation,Principle,principle,Association,O
Strategy,Value Stream,value-stream,Motivation,Requirement,requirement,Realization,R
Strategy,Value Stream,value-stream,Motivation,Requirement,requirement,Influence,N
Strategy,Value Stream,value-stream,Motivation,Requirement,requirement,Association,O
Strategy,Value Stream,value-stream,Motivation,Stakeholder,stakeholder,Association,O
Strategy,Value Stream,value-stream,Motivation,Value,value,Association,O
Strategy,Value Stream,value-stream,Strategy,Capability,capability,Serving,V
Strategy,Value Stream,value-stream,Strategy,Capability,capability,Association,O
Strategy,Value Stream,value-stream,Strategy,Capability,capability,Flow,F
Strategy,Value Stream,value-stream,Strategy,Capability,capability,Triggering,T
Strategy,Value Stream,value-stream,Strategy,Course of Action,course-of-action,Realization,R
Strategy,Value Stream,value-stream,Strategy,Course of Action,course-of-action,Serving,V
Strategy,Value Stream,value-stream,Strategy,Course of Action,course-of-action,Association,O
Strategy,Value Stream,value-stream,Strategy,Course of Action,course-of-action,Flow,F
Strategy,Value Stream,value-stream,Strategy,Course of Action,course-of-action,Triggering,T
Strategy,Value Stream,value-stream,Strategy,Resource,resource,Association,O
Strategy,Value Stream,value-stream,Strategy,Value Stream,value-stream,Composition,C
Strategy,Value Stream,value-stream,Strategy,Value Stream,value-stream,Aggregation,G
Strategy,Value Stream,value-stream,Strategy,Value Stream,value-stream,Serving,V
Strategy,Value Stream,value-stream,Strategy,Value Stream,value-stream,Association,O
Strategy,Value Stream,value-stream,Strategy,Value Stream,value-stream,Specialization,S
Strategy,Value Stream,value-stream,Strategy,Value Stream,value-stream,Flow,F
Strategy,Value Stream,value-stream,Strategy,Value Stream,value-stream,Triggering,T
Strategy,Value Stream,value-stream,Business,Business Actor,business-actor,Association,O
Strategy,Value Stream,value-stream,Business,Business Interface,business-interface,Association,O
Strategy,Value Stream,value-stream,Business,Business Object,business-object,Association,O
Strategy,Value Stream,value-stream,Business,Product,product,Association,O
Strategy,Value Stream,value-stream,Application,Application Component,application-component,Association,O
Strategy,Value Stream,value-stream,Application,Application Interface,application-interface,Association,O
Strategy,Value Stream,value-stream,Application,Data Object,data-object,Association,O
Strategy,Value Stream,value-stream,Technology,Artifact,artifact,Association,O
Strategy,Value Stream,value-stream,Technology,Communication Network,communication-network,Association,O
Strategy,Value Stream,value-stream,Technology,Device,device,Association,O
Strategy,Value Stream,value-stream,Technology,Distribution Network,distribution-network,Association,O
Strategy,Value Stream,value-stream,Technology,Equipment,equipment,Association,O
Strategy,Value Stream,value-stream,Technology,Facility,facility,Association,O
Strategy,Value Stream,value-stream,Technology,Material,material,Association,O
Strategy,Value Stream,value-stream,Technology,Node,technology-node,Association,O
Strategy,Value Stream,value-stream,Technology,System Software,system-software,Association,O
Strategy,Value Stream,value-stream,Technology,Technology Interface,technology-interface,Association,O
Strategy,Value Stream,value-stream,Implementation & Migration,Deliverable,deliverable,Association,O
Strategy,Value Stream,value-stream,Implementation & Migration,Plateau,plateau,Association,O
Strategy,Value Stream,value-stream,Implementation & Migration,Work Package,work-package,Association,O
Business,Business Actor,business-actor,Common,Collaboration,collaboration,Association,O
Business,Business Actor,business-actor,Common,Event,event,Association,O
Business,Business Actor,business-actor,Common,Function,function,Association,O
Business,Business Actor,business-actor,Common,Grouping,grouping,Composition,C
Business,Business Actor,business-actor,Common,Grouping,grouping,Aggregation,G
Business,Business Actor,business-actor,Common,Grouping,grouping,Assignment,I
Business,Business Actor,business-actor,Common,Grouping,grouping,Realization,R
Business,Business Actor,business-actor,Common,Grouping,grouping,Serving,V
Business,Business Actor,business-actor,Common,Grouping,grouping,Access,A
Business,Business Actor,business-actor,Common,Grouping,grouping,Influence,N
Business,Business Actor,business-actor,Common,Grouping,grouping,Association,O
Business,Business Actor,business-actor,Common,Grouping,grouping,Specialization,S
Business,Business Actor,business-actor,Common,Grouping,grouping,Flow,F
Business,Business Actor,business-actor,Common,Grouping,grouping,Triggering,T
Business,Business Actor,business-actor,Common,Location,location,Association,O
Business,Business Actor,business-actor,Common,Path,path,Realization,R
Business,Business Actor,business-actor,Common,Path,path,Association,O
Business,Business Actor,business-actor,Common,Process,process,Association,O
Business,Business Actor,business-actor,Common,Role,role,Assignment,I
Business,Business Actor,business-actor,Common,Role,role,Association,O
Business,Business Actor,business-actor,Common,Service,service,Association,O
Business,Business Actor,business-actor,Motivation,Assessment,assessment,Association,O
Business,Business Actor,business-actor,Motivation,Driver,driver,Association,O
Business,Business Actor,business-actor,Motivation,Goal,goal,Association,O
Business,Business Actor,business-actor,Motivation,Meaning,meaning,Association,O
Business,Business Actor,business-actor,Motivation,Outcome,outcome,Association,O
Business,Business Actor,business-actor,Motivation,Principle,principle,Association,O
Business,Business Actor,business-actor,Motivation,Requirement,requirement,Realization,R
Business,Business Actor,business-actor,Motivation,Requirement,requirement,Influence,N
Business,Business Actor,business-actor,Motivation,Requirement,requirement,Association,O
Business,Business Actor,business-actor,Motivation,Stakeholder,stakeholder,Association,O
Business,Business Actor,business-actor,Motivation,Value,value,Association,O
Business,Business Actor,business-actor,Strategy,Capability,capability,Association,O
Business,Business Actor,business-actor,Strategy,Course of Action,course-of-action,Association,O
Business,Business Actor,business-actor,Strategy,Resource,resource,Realization,R
Business,Business Actor,business-actor,Strategy,Resource,resource,Influence,N
Business,Business Actor,business-actor,Strategy,Resource,resource,Association,O
Business,Business Actor,business-actor,Strategy,Value Stream,value-stream,Association,O
Business,Business Actor,business-actor,Business,Business Actor,business-actor,Composition,C
Business,Business Actor,business-actor,Business,Business Actor,business-actor,Aggregation,G
Business,Business Actor,business-actor,Business,Business Actor,business-actor,Association,O
Business,Business Actor,business-actor,Business,Business Actor,business-actor,Specialization,S
Business,Business Actor,business-actor,Business,Business Interface,business-interface,Composition,C
Business,Business Actor,business-actor,Business,Business Interface,business-interface,Aggregation,G
Business,Business Actor,business-actor,Business,Business Interface,business-interface,Association,O
Business,Business Actor,business-actor,Business,Business Object,business-object,Assignment,I
Business,Business Actor,business-actor,Business,Business Object,business-object,Association,O
Business,Business Actor,business-actor,Business,Product,product,Association,O
Business,Business Actor,business-actor,Application,Application Component,application-component,Association,O
Business,Business Actor,business-actor,Application,Application Interface,application-interface,Association,O
Business,Business Actor,business-actor,Application,Data Object,data-object,Association,O
Business,Business Actor,business-actor,Technology,Artifact,artifact,Association,O
Business,Business Actor,business-actor,Technology,Communication Network,communication-network,Association,O
Business,Business Actor,business-actor,Technology,Device,device,Association,O
Business,Business Actor,business-actor,Technology,Distribution Network,distribution-network,Association,O
Business,Business Actor,business-actor,Technology,Equipment,equipment,Association,O
Business,Business Actor,business-actor,Technology,Facility,facility,Association,O
Business,Business Actor,business-actor,Technology,Material,material,Association,O
Business,Business Actor,business-actor,Technology,Node,technology-node,Association,O
Business,Business Actor,business-actor,Technology,System Software,system-software,Association,O
Business,Business Actor,business-actor,Technology,Technology Interface,technology-interface,Association,O
Business,Business Actor,business-actor,Implementation & Migration,Deliverable,deliverable,Association,O
Business,Business Actor,business-actor,Implementation & Migration,Plateau,plateau,Association,O
Business,Business Actor,business-actor,Implementation & Migration,Work Package,work-package,Association,O
Business,Business Interface,business-interface,Common,Collaboration,collaboration,Association,O
Business,Business Interface,business-interface,Common,Event,event,Association,O
Business,Business Interface,business-interface,Common,Function,function,Association,O
Business,Business Interface,business-interface,Common,Grouping,grouping,Composition,C
Business,Business Interface,business-interface,Common,Grouping,grouping,Aggregation,G
Business,Business Interface,business-interface,Common,Grouping,grouping,Assignment,I
Business,Business Interface,business-interface,Common,Grouping,grouping,Realization,R
Business,Business Interface,business-interface,Common,Grouping,grouping,Serving,V
Business,Business Interface,business-interface,Common,Grouping,grouping,Access,A
Business,Business Interface,business-interface,Common,Grouping,grouping,Influence,N
Business,Business Interface,business-interface,Common,Grouping,grouping,Association,O
Business,Business Interface,business-interface,Common,Grouping,grouping,Specialization,S
Business,Business Interface,business-interface,Common,Grouping,grouping,Flow,F
Business,Business Interface,business-interface,Common,Grouping,grouping,Triggering,T
Business,Business Interface,business-interface,Common,Location,location,Association,O
Business,Business Interface,business-interface,Common,Path,path,Realization,R
Business,Business Interface,business-interface,Common,Path,path,Association,O
Business,Business Interface,business-interface,Common,Process,process,Association,O
Business,Business Interface,business-interface,Common,Role,role,Association,O
Business,Business Interface,business-interface,Common,Service,service,Assignment,I
Business,Business Interface,business-interface,Common,Service,service,Association,O
Business,Business Interface,business-interface,Motivation,Assessment,assessment,Association,O
Business,Business Interface,business-interface,Motivation,Driver,driver,Association,O
Business,Business Interface,business-interface,Motivation,Goal,goal,Association,O
Business,Business Interface,business-interface,Motivation,Meaning,meaning,Association,O
Business,Business Interface,business-interface,Motivation,Outcome,outcome,Association,O
Business,Business Interface,business-interface,Motivation,Principle,principle,Association,O
Business,Business Interface,business-interface,Motivation,Requirement,requirement,Realization,R
Business,Business Interface,business-interface,Motivation,Requirement,requirement,Influence,N
Business,Business Interface,business-interface,Motivation,Requirement,requirement,Association,O
Business,Business Interface,business-interface,Motivation,Stakeholder,stakeholder,Association,O
Business,Business Interface,business-interface,Motivation,Value,value,Association,O
Business,Business Interface,business-interface,Strategy,Capability,capability,Association,O
Business,Business Interface,business-interface,Strategy,Course of Action,course-of-action,Association,O
Business,Business Interface,business-interface,Strategy,Resource,resource,Realization,R
Business,Business Interface,business-interface,Strategy,Resource,resource,Influence,N
Business,Business Interface,business-interface,Strategy,Resource,resource,Association,O
Business,Business Interface,business-interface,Strategy,Value Stream,value-stream,Association,O
Business,Business Interface,business-interface,Business,Business Actor,business-actor,Association,O
Business,Business Interface,business-interface,Business,Business Interface,business-interface,Composition,C
Business,Business Interface,business-interface,Business,Business Interface,business-interface,Aggregation,G
Business,Business Interface,business-interface,Business,Business Interface,business-interface,Association,O
Business,Business Interface,business-interface,Business,Business Interface,business-interface,Specialization,S
Business,Business Interface,business-interface,Business,Business Object,business-object,Association,O
Business,Business Interface,business-interface,Business,Product,product,Association,O
Business,Business Interface,business-interface,Application,Application Component,application-component,Association,O
Business,Business Interface,business-interface,Application,Application Interface,application-interface,Association,O
Business,Business Interface,business-interface,Application,Data Object,data-object,Association,O
Business,Business Interface,business-interface,Technology,Artifact,artifact,Association,O
Business,Business Interface,business-interface,Technology,Communication Network,communication-network,Association,O
Business,Business Interface,business-interface,Technology,Device,device,Association,O
Business,Business Interface,business-interface,Technology,Distribution Network,distribution-network,Association,O
Business,Business Interface,business-interface,Technology,Equipment,equipment,Association,O
Business,Business Interface,business-interface,Technology,Facility,facility,Association,O
Business,Business Interface,business-interface,Technology,Material,material,Association,O
Business,Business Interface,business-interface,Technology,Node,technology-node,Association,O
Business,Business Interface,business-interface,Technology,System Software,system-software,Association,O
Business,Business Interface,business-interface,Technology,Technology Interface,technology-interface,Association,O
Business,Business Interface,business-interface,Implementation & Migration,Deliverable,deliverable,Association,O
Business,Business Interface,business-interface,Implementation & Migration,Plateau,plateau,Association,O
Business,Business Interface,business-interface,Implementation & Migration,Work Package,work-package,Association,O
Business,Business Object,business-object,Common,Collaboration,collaboration,Association,O
Business,Business Object,business-object,Common,Event,event,Association,O
Business,Business Object,business-object,Common,Function,function,Association,O
Business,Business Object,business-object,Common,Grouping,grouping,Composition,C
Business,Business Object,business-object,Common,Grouping,grouping,Aggregation,G
Business,Business Object,business-object,Common,Grouping,grouping,Assignment,I
Business,Business Object,business-object,Common,Grouping,grouping,Realization,R
Business,Business Object,business-object,Common,Grouping,grouping,Serving,V
Business,Business Object,business-object,Common,Grouping,grouping,Access,A
Business,Business Object,business-object,Common,Grouping,grouping,Influence,N
Business,Business Object,business-object,Common,Grouping,grouping,Association,O
Business,Business Object,business-object,Common,Grouping,grouping,Specialization,S
Business,Business Object,business-object,Common,Grouping,grouping,Flow,F
Business,Business Object,business-object,Common,Grouping,grouping,Triggering,T
Business,Business Object,business-object,Common,Location,location,Association,O
Business,Business Object,business-object,Common,Path,path,Association,O
Business,Business Object,business-object,Common,Process,process,Association,O
Business,Business Object,business-object,Common,Role,role,Association,O
Business,Business Object,business-object,Common,Service,service,Association,O
Business,Business Object,business-object,Motivation,Assessment,assessment,Association,O
Business,Business Object,business-object,Motivation,Driver,driver,Association,O
Business,Business Object,business-object,Motivation,Goal,goal,Association,O
Business,Business Object,business-object,Motivation,Meaning,meaning,Association,O
Business,Business Object,business-object,Motivation,Outcome,outcome,Association,O
Business,Business Object,business-object,Motivation,Principle,principle,Association,O
Business,Business Object,business-object,Motivation,Requirement,requirement,Realization,R
Business,Business Object,business-object,Motivation,Requirement,requirement,Influence,N
Business,Business Object,business-object,Motivation,Requirement,requirement,Association,O
Business,Business Object,business-object,Motivation,Stakeholder,stakeholder,Association,O
Business,Business Object,business-object,Motivation,Value,value,Association,O
Business,Business Object,business-object,Strategy,Capability,capability,Association,O
Business,Business Object,business-object,Strategy,Course of Action,course-of-action,Association,O
Business,Business Object,business-object,Strategy,Resource,resource,Realization,R
Business,Business Object,business-object,Strategy,Resource,resource,Influence,N
Business,Business Object,business-object,Strategy,Resource,resource,Association,O
Business,Business Object,business-object,Strategy,Value Stream,value-stream,Association,O
Business,Business Object,business-object,Business,Business Actor,business-actor,Association,O
Business,Business Object,business-object,Business,Business Interface,business-interface,Association,O
Business,Business Object,business-object,Business,Business Object,business-object,Composition,C
Business,Business Object,business-object,Business,Business Object,business-object,Aggregation,G
Business,Business Object,business-object,Business,Business Object,business-object,Association,O
Business,Business Object,business-object,Business,Business Object,business-object,Specialization,S
Business,Business Object,business-object,Business,Product,product,Association,O
Business,Business Object,business-object,Application,Application Component,application-component,Association,O
Business,Business Object,business-object,Application,Application Interface,application-interface,Association,O
Business,Business Object,business-object,Application,Data Object,data-object,Association,O
Business,Business Object,business-object,Technology,Artifact,artifact,Association,O
Business,Business Object,business-object,Technology,Communication Network,communication-network,Association,O
Business,Business Object,business-object,Technology,Device,device,Association,O
Business,Business Object,business-object,Technology,Distribution Network,distribution-network,Association,O
Business,Business Object,business-object,Technology,Equipment,equipment,Association,O
Business,Business Object,business-object,Technology,Facility,facility,Association,O
Business,Business Object,business-object,Technology,Material,material,Association,O
Business,Business Object,business-object,Technology,Node,technology-node,Association,O
Business,Business Object,business-object,Technology,System Software,system-software,Association,O
Business,Business Object,business-object,Technology,Technology Interface,technology-interface,Association,O
Business,Business Object,business-object,Implementation & Migration,Deliverable,deliverable,Association,O
Business,Business Object,business-object,Implementation & Migration,Deliverable,deliverable,Specialization,S
Business,Business Object,business-object,Implementation & Migration,Plateau,plateau,Association,O
Business,Business Object,business-object,Implementation & Migration,Work Package,work-package,Association,O
Business,Product,product,Common,Collaboration,collaboration,Association,O
Business,Product,product,Common,Event,event,Association,O
Business,Product,product,Common,Function,function,Association,O
Business,Product,product,Common,Grouping,grouping,Composition,C
Business,Product,product,Common,Grouping,grouping,Aggregation,G
Business,Product,product,Common,Grouping,grouping,Assignment,I
Business,Product,product,Common,Grouping,grouping,Realization,R
Business,Product,product,Common,Grouping,grouping,Serving,V
Business,Product,product,Common,Grouping,grouping,Access,A
Business,Product,product,Common,Grouping,grouping,Influence,N
Business,Product,product,Common,Grouping,grouping,Association,O
Business,Product,product,Common,Grouping,grouping,Specialization,S
Business,Product,product,Common,Grouping,grouping,Flow,F
Business,Product,product,Common,Grouping,grouping,Triggering,T
Business,Product,product,Common,Location,location,Association,O
Business,Product,product,Common,Path,path,Association,O
Business,Product,product,Common,Process,process,Association,O
Business,Product,product,Common,Role,role,Association,O
Business,Product,product,Common,Service,service,Composition,C
Business,Product,product,Common,Service,service,Aggregation,G
Business,Product,product,Common,Service,service,Association,O
Business,Product,product,Motivation,Assessment,assessment,Association,O
Business,Product,product,Motivation,Driver,driver,Association,O
Business,Product,product,Motivation,Goal,goal,Association,O
Business,Product,product,Motivation,Meaning,meaning,Association,O
Business,Product,product,Motivation,Outcome,outcome,Association,O
Business,Product,product,Motivation,Principle,principle,Association,O
Business,Product,product,Motivation,Requirement,requirement,Realization,R
Business,Product,product,Motivation,Requirement,requirement,Influence,N
Business,Product,product,Motivation,Requirement,requirement,Association,O
Business,Product,product,Motivation,Stakeholder,stakeholder,Association,O
Business,Product,product,Motivation,Value,value,Association,O
Business,Product,product,Strategy,Capability,capability,Association,O
Business,Product,product,Strategy,Course of Action,course-of-action,Association,O
Business,Product,product,Strategy,Resource,resource,Realization,R
Business,Product,product,Strategy,Resource,resource,Influence,N
Business,Product,product,Strategy,Resource,resource,Association,O
Business,Product,product,Strategy,Value Stream,value-stream,Association,O
Business,Product,product,Business,Business Actor,business-actor,Association,O
Business,Product,product,Business,Business Interface,business-interface,Association,O
Business,Product,product,Business,Business Object,business-object,Association,O
Business,Product,product,Business,Product,product,Composition,C
Business,Product,product,Business,Product,product,Aggregation,G
Business,Product,product,Business,Product,product,Association,O
Business,Product,product,Business,Product,product,Specialization,S
Business,Product,product,Application,Application Component,application-component,Association,O
Business,Product,product,Application,Application Interface,application-interface,Association,O
Business,Product,product,Application,Data Object,data-object,Association,O
Business,Product,product,Technology,Artifact,artifact,Composition,C
Business,Product,product,Technology,Artifact,artifact,Aggregation,G
Business,Product,product,Technology,Artifact,artifact,Association,O
Business,Product,product,Technology,Communication Network,communication-network,Association,O
Business,Product,product,Technology,Device,device,Association,O
Business,Product,product,Technology,Distribution Network,distribution-network,Association,O
Business,Product,product,Technology,Equipment,equipment,Association,O
Business,Product,product,Technology,Facility,facility,Association,O
Business,Product,product,Technology,Material,material,Composition,C
Business,Product,product,Technology,Material,material,Aggregation,G
Business,Product,product,Technology,Material,material,Association,O
Business,Product,product,Technology,Node,technology-node,Association,O
Business,Product,product,Technology,System Software,system-software,Association,O
Business,Product,product,Technology,Technology Interface,technology-interface,Association,O
Business,Product,product,Implementation & Migration,Deliverable,deliverable,Association,O
Business,Product,product,Implementation & Migration,Plateau,plateau,Association,O
Business,Product,product,Implementation & Migration,Work Package,work-package,Association,O
Application,Application Component,application-component,Common,Collaboration,collaboration,Association,O
Application,Application Component,application-component,Common,Event,event,Association,O
Application,Application Component,application-component,Common,Function,function,Assignment,I
Application,Application Component,application-component,Common,Function,function,Association,O
Application,Application Component,application-component,Common,Grouping,grouping,Composition,C
Application,Application Component,application-component,Common,Grouping,grouping,Aggregation,G
Application,Application Component,application-component,Common,Grouping,grouping,Assignment,I
Application,Application Component,application-component,Common,Grouping,grouping,Realization,R
Application,Application Component,application-component,Common,Grouping,grouping,Serving,V
Application,Application Component,application-component,Common,Grouping,grouping,Access,A
Application,Application Component,application-component,Common,Grouping,grouping,Influence,N
Application,Application Component,application-component,Common,Grouping,grouping,Association,O
Application,Application Component,application-component,Common,Grouping,grouping,Specialization,S
Application,Application Component,application-component,Common,Grouping,grouping,Flow,F
Application,Application Component,application-component,Common,Grouping,grouping,Triggering,T
Application,Application Component,application-component,Common,Location,location,Association,O
Application,Application Component,application-component,Common,Path,path,Realization,R
Application,Application Component,application-component,Common,Path,path,Association,O
Application,Application Component,application-component,Common,Process,process,Assignment,I
Application,Application Component,application-component,Common,Process,process,Association,O
Application,Application Component,application-component,Common,Role,role,Assignment,I
Application,Application Component,application-component,Common,Role,role,Association,O
Application,Application Component,application-component,Common,Service,service,Association,O
Application,Application Component,application-component,Motivation,Assessment,assessment,Association,O
Application,Application Component,application-component,Motivation,Driver,driver,Association,O
Application,Application Component,application-component,Motivation,Goal,goal,Association,O
Application,Application Component,application-component,Motivation,Meaning,meaning,Association,O
Application,Application Component,application-component,Motivation,Outcome,outcome,Association,O
Application,Application Component,application-component,Motivation,Principle,principle,Association,O
Application,Application Component,application-component,Motivation,Requirement,requirement,Realization,R
Application,Application Component,application-component,Motivation,Requirement,requirement,Influence,N
Application,Application Component,application-component,Motivation,Requirement,requirement,Association,O
Application,Application Component,application-component,Motivation,Stakeholder,stakeholder,Association,O
Application,Application Component,application-component,Motivation,Value,value,Association,O
Application,Application Component,application-component,Strategy,Capability,capability,Association,O
Application,Application Component,application-component,Strategy,Course of Action,course-of-action,Association,O
Application,Application Component,application-component,Strategy,Resource,resource,Realization,R
Application,Application Component,application-component,Strategy,Resource,resource,Influence,N
Application,Application Component,application-component,Strategy,Resource,resource,Association,O
Application,Application Component,application-component,Strategy,Value Stream,value-stream,Association,O
Application,Application Component,application-component,Business,Business Actor,business-actor,Association,O
Application,Application Component,application-component,Business,Business Interface,business-interface,Association,O
Application,Application Component,application-component,Business,Business Object,business-object,Association,O
Application,Application Component,application-component,Business,Product,product,Association,O
Application,Application Component,application-component,Application,Application Component,application-component,Composition,C
Application,Application Component,application-component,Application,Application Component,application-component,Aggregation,G
Application,Application Component,application-component,Application,Application Component,application-component,Serving,V
Application,Application Component,application-component,Application,Application Component,application-component,Association,O
Application,Application Component,application-component,Application,Application Component,application-component,Specialization,S
Application,Application Component,application-component,Application,Application Interface,application-interface,Assignment,I
Application,Application Component,application-component,Application,Application Interface,application-interface,Serving,V
Application,Application Component,application-component,Application,Application Interface,application-interface,Association,O
Application,Application Component,application-component,Application,Data Object,data-object,Assignment,I
Application,Application Component,application-component,Application,Data Object,data-object,Access,A
Application,Application Component,application-component,Application,Data Object,data-object,Association,O
Application,Application Component,application-component,Technology,Artifact,artifact,Association,O
Application,Application Component,application-component,Technology,Communication Network,communication-network,Association,O
Application,Application Component,application-component,Technology,Device,device,Association,O
Application,Application Component,application-component,Technology,Distribution Network,distribution-network,Association,O
Application,Application Component,application-component,Technology,Equipment,equipment,Association,O
Application,Application Component,application-component,Technology,Facility,facility,Association,O
Application,Application Component,application-component,Technology,Material,material,Association,O
Application,Application Component,application-component,Technology,Node,technology-node,Association,O
Application,Application Component,application-component,Technology,System Software,system-software,Association,O
Application,Application Component,application-component,Technology,Technology Interface,technology-interface,Association,O
Application,Application Component,application-component,Implementation & Migration,Deliverable,deliverable,Association,O
Application,Application Component,application-component,Implementation & Migration,Plateau,plateau,Association,O
Application,Application Component,application-component,Implementation & Migration,Work Package,work-package,Association,O
Application,Application Interface,application-interface,Common,Collaboration,collaboration,Association,O
Application,Application Interface,application-interface,Common,Event,event,Association,O
Application,Application Interface,application-interface,Common,Function,function,Association,O
Application,Application Interface,application-interface,Common,Grouping,grouping,Composition,C
Application,Application Interface,application-interface,Common,Grouping,grouping,Aggregation,G
Application,Application Interface,application-interface,Common,Grouping,grouping,Assignment,I
Application,Application Interface,application-interface,Common,Grouping,grouping,Realization,R
Application,Application Interface,application-interface,Common,Grouping,grouping,Serving,V
Application,Application Interface,application-interface,Common,Grouping,grouping,Access,A
Application,Application Interface,application-interface,Common,Grouping,grouping,Influence,N
Application,Application Interface,application-interface,Common,Grouping,grouping,Association,O
Application,Application Interface,application-interface,Common,Grouping,grouping,Specialization,S
Application,Application Interface,application-interface,Common,Grouping,grouping,Flow,F
Application,Application Interface,application-interface,Common,Grouping,grouping,Triggering,T
Application,Application Interface,application-interface,Common,Location,location,Association,O
Application,Application Interface,application-interface,Common,Path,path,Realization,R
Application,Application Interface,application-interface,Common,Path,path,Association,O
Application,Application Interface,application-interface,Common,Process,process,Association,O
Application,Application Interface,application-interface,Common,Role,role,Association,O
Application,Application Interface,application-interface,Common,Service,service,Assignment,I
Application,Application Interface,application-interface,Common,Service,service,Association,O
Application,Application Interface,application-interface,Motivation,Assessment,assessment,Association,O
Application,Application Interface,application-interface,Motivation,Driver,driver,Association,O
Application,Application Interface,application-interface,Motivation,Goal,goal,Association,O
Application,Application Interface,application-interface,Motivation,Meaning,meaning,Association,O
Application,Application Interface,application-interface,Motivation,Outcome,outcome,Association,O
Application,Application Interface,application-interface,Motivation,Principle,principle,Association,O
Application,Application Interface,application-interface,Motivation,Requirement,requirement,Realization,R
Application,Application Interface,application-interface,Motivation,Requirement,requirement,Influence,N
Application,Application Interface,application-interface,Motivation,Requirement,requirement,Association,O
Application,Application Interface,application-interface,Motivation,Stakeholder,stakeholder,Association,O
Application,Application Interface,application-interface,Motivation,Value,value,Association,O
Application,Application Interface,application-interface,Strategy,Capability,capability,Association,O
Application,Application Interface,application-interface,Strategy,Course of Action,course-of-action,Association,O
Application,Application Interface,application-interface,Strategy,Resource,resource,Realization,R
Application,Application Interface,application-interface,Strategy,Resource,resource,Influence,N
Application,Application Interface,application-interface,Strategy,Resource,resource,Association,O
Application,Application Interface,application-interface,Strategy,Value Stream,value-stream,Association,O
Application,Application Interface,application-interface,Business,Business Actor,business-actor,Association,O
Application,Application Interface,application-interface,Business,Business Interface,business-interface,Realization,R
Application,Application Interface,application-interface,Business,Business Interface,business-interface,Association,O
Application,Application Interface,application-interface,Business,Business Object,business-object,Association,O
Application,Application Interface,application-interface,Business,Product,product,Association,O
Application,Application Interface,application-interface,Application,Application Component,application-component,Association,O
Application,Application Interface,application-interface,Application,Application Interface,application-interface,Composition,C
Application,Application Interface,application-interface,Application,Application Interface,application-interface,Aggregation,G
Application,Application Interface,application-interface,Application,Application Interface,application-interface,Association,O
Application,Application Interface,application-interface,Application,Application Interface,application-interface,Specialization,S
Application,Application Interface,application-interface,Application,Data Object,data-object,Association,O
Application,Application Interface,application-interface,Technology,Artifact,artifact,Association,O
Application,Application Interface,application-interface,Technology,Communication Network,communication-network,Association,O
Application,Application Interface,application-interface,Technology,Device,device,Association,O
Application,Application Interface,application-interface,Technology,Distribution Network,distribution-network,Association,O
Application,Application Interface,application-interface,Technology,Equipment,equipment,Association,O
Application,Application Interface,application-interface,Technology,Facility,facility,Association,O
Application,Application Interface,application-interface,Technology,Material,material,Association,O
Application,Application Interface,application-interface,Technology,Node,technology-node,Association,O
Application,Application Interface,application-interface,Technology,System Software,system-software,Association,O
Application,Application Interface,application-interface,Technology,Technology Interface,technology-interface,Association,O
Application,Application Interface,application-interface,Implementation & Migration,Deliverable,deliverable,Association,O
Application,Application Interface,application-interface,Implementation & Migration,Plateau,plateau,Association,O
Application,Application Interface,application-interface,Implementation & Migration,Work Package,work-package,Association,O
Application,Data Object,data-object,Common,Collaboration,collaboration,Association,O
Application,Data Object,data-object,Common,Event,event,Association,O
Application,Data Object,data-object,Common,Function,function,Association,O
Application,Data Object,data-object,Common,Grouping,grouping,Composition,C
Application,Data Object,data-object,Common,Grouping,grouping,Aggregation,G
Application,Data Object,data-object,Common,Grouping,grouping,Assignment,I
Application,Data Object,data-object,Common,Grouping,grouping,Realization,R
Application,Data Object,data-object,Common,Grouping,grouping,Serving,V
Application,Data Object,data-object,Common,Grouping,grouping,Access,A
Application,Data Object,data-object,Common,Grouping,grouping,Influence,N
Application,Data Object,data-object,Common,Grouping,grouping,Association,O
Application,Data Object,data-object,Common,Grouping,grouping,Specialization,S
Application,Data Object,data-object,Common,Grouping,grouping,Flow,F
Application,Data Object,data-object,Common,Grouping,grouping,Triggering,T
Application,Data Object,data-object,Common,Location,location,Association,O
Application,Data Object,data-object,Common,Path,path,Association,O
Application,Data Object,data-object,Common,Process,process,Association,O
Application,Data Object,data-object,Common,Role,role,Association,O
Application,Data Object,data-object,Common,Service,service,Association,O
Application,Data Object,data-object,Motivation,Assessment,assessment,Association,O
Application,Data Object,data-object,Motivation,Driver,driver,Association,O
Application,Data Object,data-object,Motivation,Goal,goal,Association,O
Application,Data Object,data-object,Motivation,Meaning,meaning,Association,O
Application,Data Object,data-object,Motivation,Outcome,outcome,Association,O
Application,Data Object,data-object,Motivation,Principle,principle,Association,O
Application,Data Object,data-object,Motivation,Requirement,requirement,Realization,R
Application,Data Object,data-object,Motivation,Requirement,requirement,Influence,N
Application,Data Object,data-object,Motivation,Requirement,requirement,Association,O
Application,Data Object,data-object,Motivation,Stakeholder,stakeholder,Association,O
Application,Data Object,data-object,Motivation,Value,value,Association,O
Application,Data Object,data-object,Strategy,Capability,capability,Association,O
Application,Data Object,data-object,Strategy,Course of Action,course-of-action,Association,O
Application,Data Object,data-object,Strategy,Resource,resource,Realization,R
Application,Data Object,data-object,Strategy,Resource,resource,Influence,N
Application,Data Object,data-object,Strategy,Resource,resource,Association,O
Application,Data Object,data-object,Strategy,Value Stream,value-stream,Association,O
Application,Data Object,data-object,Business,Business Actor,business-actor,Association,O
Application,Data Object,data-object,Business,Business Interface,business-interface,Association,O
Application,Data Object,data-object,Business,Business Object,business-object,Realization,R
Application,Data Object,data-object,Business,Business Object,business-object,Association,O
Application,Data Object,data-object,Business,Product,product,Association,O
Application,Data Object,data-object,Application,Application Component,application-component,Association,O
Application,Data Object,data-object,Application,Application Interface,application-interface,Association,O
Application,Data Object,data-object,Application,Data Object,data-object,Composition,C
Application,Data Object,data-object,Application,Data Object,data-object,Aggregation,G
Application,Data Object,data-object,Application,Data Object,data-object,Association,O
Application,Data Object,data-object,Application,Data Object,data-object,Specialization,S
Application,Data Object,data-object,Technology,Artifact,artifact,Association,O
Application,Data Object,data-object,Technology,Communication Network,communication-network,Association,O
Application,Data Object,data-object,Technology,Device,device,Association,O
Application,Data Object,data-object,Technology,Distribution Network,distribution-network,Association,O
Application,Data Object,data-object,Technology,Equipment,equipment,Association,O
Application,Data Object,data-object,Technology,Facility,facility,Association,O
Application,Data Object,data-object,Technology,Material,material,Association,O
Application,Data Object,data-object,Technology,Node,technology-node,Association,O
Application,Data Object,data-object,Technology,System Software,system-software,Association,O
Application,Data Object,data-object,Technology,Technology Interface,technology-interface,Association,O
Application,Data Object,data-object,Implementation & Migration,Deliverable,deliverable,Association,O
Application,Data Object,data-object,Implementation & Migration,Deliverable,deliverable,Specialization,S
Application,Data Object,data-object,Implementation & Migration,Plateau,plateau,Association,O
Application,Data Object,data-object,Implementation & Migration,Work Package,work-package,Association,O
Technology,Artifact,artifact,Common,Collaboration,collaboration,Association,O
Technology,Artifact,artifact,Common,Event,event,Association,O
Technology,Artifact,artifact,Common,Function,function,Association,O
Technology,Artifact,artifact,Common,Grouping,grouping,Composition,C
Technology,Artifact,artifact,Common,Grouping,grouping,Aggregation,G
Technology,Artifact,artifact,Common,Grouping,grouping,Assignment,I
Technology,Artifact,artifact,Common,Grouping,grouping,Realization,R
Technology,Artifact,artifact,Common,Grouping,grouping,Serving,V
Technology,Artifact,artifact,Common,Grouping,grouping,Access,A
Technology,Artifact,artifact,Common,Grouping,grouping,Influence,N
Technology,Artifact,artifact,Common,Grouping,grouping,Association,O
Technology,Artifact,artifact,Common,Grouping,grouping,Specialization,S
Technology,Artifact,artifact,Common,Grouping,grouping,Flow,F
Technology,Artifact,artifact,Common,Grouping,grouping,Triggering,T
Technology,Artifact,artifact,Common,Location,location,Association,O
Technology,Artifact,artifact,Common,Path,path,Association,O
Technology,Artifact,artifact,Common,Process,process,Association,O
Technology,Artifact,artifact,Common,Role,role,Association,O
Technology,Artifact,artifact,Common,Service,service,Association,O
Technology,Artifact,artifact,Motivation,Assessment,assessment,Association,O
Technology,Artifact,artifact,Motivation,Driver,driver,Association,O
Technology,Artifact,artifact,Motivation,Goal,goal,Association,O
Technology,Artifact,artifact,Motivation,Meaning,meaning,Association,O
Technology,Artifact,artifact,Motivation,Outcome,outcome,Association,O
Technology,Artifact,artifact,Motivation,Principle,principle,Association,O
Technology,Artifact,artifact,Motivation,Requirement,requirement,Realization,R
Technology,Artifact,artifact,Motivation,Requirement,requirement,Influence,N
Technology,Artifact,artifact,Motivation,Requirement,requirement,Association,O
Technology,Artifact,artifact,Motivation,Stakeholder,stakeholder,Association,O
Technology,Artifact,artifact,Motivation,Value,value,Association,O
Technology,Artifact,artifact,Strategy,Capability,capability,Association,O
Technology,Artifact,artifact,Strategy,Course of Action,course-of-action,Association,O
Technology,Artifact,artifact,Strategy,Resource,resource,Realization,R
Technology,Artifact,artifact,Strategy,Resource,resource,Association,O
Technology,Artifact,artifact,Strategy,Value Stream,value-stream,Association,O
Technology,Artifact,artifact,Business,Business Actor,business-actor,Association,O
Technology,Artifact,artifact,Business,Business Interface,business-interface,Association,O
Technology,Artifact,artifact,Business,Business Object,business-object,Association,O
Technology,Artifact,artifact,Business,Business Object,business-object,Specialization,S
Technology,Artifact,artifact,Business,Product,product,Association,O
Technology,Artifact,artifact,Application,Application Component,application-component,Realization,R
Technology,Artifact,artifact,Application,Application Component,application-component,Association,O
Technology,Artifact,artifact,Application,Application Interface,application-interface,Association,O
Technology,Artifact,artifact,Application,Data Object,data-object,Realization,R
Technology,Artifact,artifact,Application,Data Object,data-object,Association,O
Technology,Artifact,artifact,Application,Data Object,data-object,Specialization,S
Technology,Artifact,artifact,Technology,Artifact,artifact,Composition,C
Technology,Artifact,artifact,Technology,Artifact,artifact,Aggregation,G
Technology,Artifact,artifact,Technology,Artifact,artifact,Association,O
Technology,Artifact,artifact,Technology,Artifact,artifact,Specialization,S
Technology,Artifact,artifact,Technology,Communication Network,communication-network,Association,O
Technology,Artifact,artifact,Technology,Device,device,Association,O
Technology,Artifact,artifact,Technology,Distribution Network,distribution-network,Association,O
Technology,Artifact,artifact,Technology,Equipment,equipment,Association,O
Technology,Artifact,artifact,Technology,Facility,facility,Association,O
Technology,Artifact,artifact,Technology,Material,material,Association,O
Technology,Artifact,artifact,Technology,Node,technology-node,Association,O
Technology,Artifact,artifact,Technology,System Software,system-software,Association,O
Technology,Artifact,artifact,Technology,Technology Interface,technology-interface,Association,O
Technology,Artifact,artifact,Implementation & Migration,Deliverable,deliverable,Association,O
Technology,Artifact,artifact,Implementation & Migration,Plateau,plateau,Association,O
Technology,Artifact,artifact,Implementation & Migration,Work Package,work-package,Association,O
Technology,Communication Network,communication-network,Common,Collaboration,collaboration,Association,O
Technology,Communication Network,communication-network,Common,Event,event,Association,O
Technology,Communication Network,communication-network,Common,Function,function,Association,O
Technology,Communication Network,communication-network,Common,Grouping,grouping,Composition,C
Technology,Communication Network,communication-network,Common,Grouping,grouping,Aggregation,G
Technology,Communication Network,communication-network,Common,Grouping,grouping,Assignment,I
Technology,Communication Network,communication-network,Common,Grouping,grouping,Realization,R
Technology,Communication Network,communication-network,Common,Grouping,grouping,Serving,V
Technology,Communication Network,communication-network,Common,Grouping,grouping,Access,A
Technology,Communication Network,communication-network,Common,Grouping,grouping,Influence,N
Technology,Communication Network,communication-network,Common,Grouping,grouping,Association,O
Technology,Communication Network,communication-network,Common,Grouping,grouping,Specialization,S
Technology,Communication Network,communication-network,Common,Grouping,grouping,Flow,F
Technology,Communication Network,communication-network,Common,Grouping,grouping,Triggering,T
Technology,Communication Network,communication-network,Common,Location,location,Association,O
Technology,Communication Network,communication-network,Common,Path,path,Realization,R
Technology,Communication Network,communication-network,Common,Path,path,Association,O
Technology,Communication Network,communication-network,Common,Process,process,Association,O
Technology,Communication Network,communication-network,Common,Role,role,Association,O
Technology,Communication Network,communication-network,Common,Service,service,Association,O
Technology,Communication Network,communication-network,Motivation,Assessment,assessment,Association,O
Technology,Communication Network,communication-network,Motivation,Driver,driver,Association,O
Technology,Communication Network,communication-network,Motivation,Goal,goal,Association,O
Technology,Communication Network,communication-network,Motivation,Meaning,meaning,Association,O
Technology,Communication Network,communication-network,Motivation,Outcome,outcome,Association,O
Technology,Communication Network,communication-network,Motivation,Principle,principle,Association,O
Technology,Communication Network,communication-network,Motivation,Requirement,requirement,Realization,R
Technology,Communication Network,communication-network,Motivation,Requirement,requirement,Influence,N
Technology,Communication Network,communication-network,Motivation,Requirement,requirement,Association,O
Technology,Communication Network,communication-network,Motivation,Stakeholder,stakeholder,Association,O
Technology,Communication Network,communication-network,Motivation,Value,value,Association,O
Technology,Communication Network,communication-network,Strategy,Capability,capability,Association,O
Technology,Communication Network,communication-network,Strategy,Course of Action,course-of-action,Association,O
Technology,Communication Network,communication-network,Strategy,Resource,resource,Realization,R
Technology,Communication Network,communication-network,Strategy,Resource,resource,Association,O
Technology,Communication Network,communication-network,Strategy,Value Stream,value-stream,Association,O
Technology,Communication Network,communication-network,Business,Business Actor,business-actor,Association,O
Technology,Communication Network,communication-network,Business,Business Interface,business-interface,Association,O
Technology,Communication Network,communication-network,Business,Business Object,business-object,Association,O
Technology,Communication Network,communication-network,Business,Product,product,Association,O
Technology,Communication Network,communication-network,Application,Application Component,application-component,Association,O
Technology,Communication Network,communication-network,Application,Application Interface,application-interface,Association,O
Technology,Communication Network,communication-network,Application,Data Object,data-object,Association,O
Technology,Communication Network,communication-network,Technology,Artifact,artifact,Association,O
Technology,Communication Network,communication-network,Technology,Communication Network,communication-network,Composition,C
Technology,Communication Network,communication-network,Technology,Communication Network,communication-network,Aggregation,G
Technology,Communication Network,communication-network,Technology,Communication Network,communication-network,Association,O
Technology,Communication Network,communication-network,Technology,Communication Network,communication-network,Specialization,S
Technology,Communication Network,communication-network,Technology,Device,device,Association,O
Technology,Communication Network,communication-network,Technology,Distribution Network,distribution-network,Association,O
Technology,Communication Network,communication-network,Technology,Equipment,equipment,Association,O
Technology,Communication Network,communication-network,Technology,Facility,facility,Association,O
Technology,Communication Network,communication-network,Technology,Material,material,Association,O
Technology,Communication Network,communication-network,Technology,Node,technology-node,Association,O
Technology,Communication Network,communication-network,Technology,System Software,system-software,Association,O
Technology,Communication Network,communication-network,Technology,Technology Interface,technology-interface,Association,O
Technology,Communication Network,communication-network,Implementation & Migration,Deliverable,deliverable,Association,O
Technology,Communication Network,communication-network,Implementation & Migration,Plateau,plateau,Association,O
Technology,Communication Network,communication-network,Implementation & Migration,Work Package,work-package,Association,O
Technology,Device,device,Common,Collaboration,collaboration,Association,O
Technology,Device,device,Common,Event,event,Association,O
Technology,Device,device,Common,Function,function,Association,O
Technology,Device,device,Common,Grouping,grouping,Composition,C
Technology,Device,device,Common,Grouping,grouping,Aggregation,G
Technology,Device,device,Common,Grouping,grouping,Assignment,I
Technology,Device,device,Common,Grouping,grouping,Realization,R
Technology,Device,device,Common,Grouping,grouping,Serving,V
Technology,Device,device,Common,Grouping,grouping,Access,A
Technology,Device,device,Common,Grouping,grouping,Influence,N
Technology,Device,device,Common,Grouping,grouping,Association,O
Technology,Device,device,Common,Grouping,grouping,Specialization,S
Technology,Device,device,Common,Grouping,grouping,Flow,F
Technology,Device,device,Common,Grouping,grouping,Triggering,T
Technology,Device,device,Common,Location,location,Association,O
Technology,Device,device,Common,Path,path,Realization,R
Technology,Device,device,Common,Path,path,Association,O
Technology,Device,device,Common,Process,process,Association,O
Technology,Device,device,Common,Role,role,Assignment,I
Technology,Device,device,Common,Role,role,Association,O
Technology,Device,device,Common,Service,service,Association,O
Technology,Device,device,Motivation,Assessment,assessment,Association,O
Technology,Device,device,Motivation,Driver,driver,Association,O
Technology,Device,device,Motivation,Goal,goal,Association,O
Technology,Device,device,Motivation,Meaning,meaning,Association,O
Technology,Device,device,Motivation,Outcome,outcome,Association,O
Technology,Device,device,Motivation,Principle,principle,Association,O
Technology,Device,device,Motivation,Requirement,requirement,Realization,R
Technology,Device,device,Motivation,Requirement,requirement,Influence,N
Technology,Device,device,Motivation,Requirement,requirement,Association,O
Technology,Device,device,Motivation,Stakeholder,stakeholder,Association,O
Technology,Device,device,Motivation,Value,value,Association,O
Technology,Device,device,Strategy,Capability,capability,Association,O
Technology,Device,device,Strategy,Course of Action,course-of-action,Association,O
Technology,Device,device,Strategy,Resource,resource,Realization,R
Technology,Device,device,Strategy,Resource,resource,Association,O
Technology,Device,device,Strategy,Value Stream,value-stream,Association,O
Technology,Device,device,Business,Business Actor,business-actor,Association,O
Technology,Device,device,Business,Business Interface,business-interface,Association,O
Technology,Device,device,Business,Business Object,business-object,Association,O
Technology,Device,device,Business,Product,product,Association,O
Technology,Device,device,Application,Application Component,application-component,Serving,V
Technology,Device,device,Application,Application Component,application-component,Association,O
Technology,Device,device,Application,Application Interface,application-interface,Serving,V
Technology,Device,device,Application,Application Interface,application-interface,Association,O
Technology,Device,device,Application,Data Object,data-object,Association,O
Technology,Device,device,Technology,Artifact,artifact,Assignment,I
Technology,Device,device,Technology,Artifact,artifact,Association,O
Technology,Device,device,Technology,Communication Network,communication-network,Association,O
Technology,Device,device,Technology,Device,device,Composition,C
Technology,Device,device,Technology,Device,device,Aggregation,G
Technology,Device,device,Technology,Device,device,Association,O
Technology,Device,device,Technology,Device,device,Specialization,S
Technology,Device,device,Technology,Distribution Network,distribution-network,Association,O
Technology,Device,device,Technology,Equipment,equipment,Association,O
Technology,Device,device,Technology,Facility,facility,Association,O
Technology,Device,device,Technology,Material,material,Association,O
Technology,Device,device,Technology,Node,technology-node,Association,O
Technology,Device,device,Technology,System Software,system-software,Assignment,I
Technology,Device,device,Technology,System Software,system-software,Association,O
Technology,Device,device,Technology,Technology Interface,technology-interface,Composition,C
Technology,Device,device,Technology,Technology Interface,technology-interface,Aggregation,G
Technology,Device,device,Technology,Technology Interface,technology-interface,Association,O
Technology,Device,device,Implementation & Migration,Deliverable,deliverable,Association,O
Technology,Device,device,Implementation & Migration,Plateau,plateau,Association,O
Technology,Device,device,Implementation & Migration,Work Package,work-package,Association,O
Technology,Distribution Network,distribution-network,Common,Collaboration,collaboration,Association,O
Technology,Distribution Network,distribution-network,Common,Event,event,Association,O
Technology,Distribution Network,distribution-network,Common,Function,function,Association,O
Technology,Distribution Network,distribution-network,Common,Grouping,grouping,Composition,C
Technology,Distribution Network,distribution-network,Common,Grouping,grouping,Aggregation,G
Technology,Distribution Network,distribution-network,Common,Grouping,grouping,Assignment,I
Technology,Distribution Network,distribution-network,Common,Grouping,grouping,Realization,R
Technology,Distribution Network,distribution-network,Common,Grouping,grouping,Serving,V
Technology,Distribution Network,distribution-network,Common,Grouping,grouping,Access,A
Technology,Distribution Network,distribution-network,Common,Grouping,grouping,Influence,N
Technology,Distribution Network,distribution-network,Common,Grouping,grouping,Association,O
Technology,Distribution Network,distribution-network,Common,Grouping,grouping,Specialization,S
Technology,Distribution Network,distribution-network,Common,Grouping,grouping,Flow,F
Technology,Distribution Network,distribution-network,Common,Grouping,grouping,Triggering,T
Technology,Distribution Network,distribution-network,Common,Location,location,Association,O
Technology,Distribution Network,distribution-network,Common,Path,path,Realization,R
Technology,Distribution Network,distribution-network,Common,Path,path,Association,O
Technology,Distribution Network,distribution-network,Common,Process,process,Association,O
Technology,Distribution Network,distribution-network,Common,Role,role,Association,O
Technology,Distribution Network,distribution-network,Common,Service,service,Association,O
Technology,Distribution Network,distribution-network,Motivation,Assessment,assessment,Association,O
Technology,Distribution Network,distribution-network,Motivation,Driver,driver,Association,O
Technology,Distribution Network,distribution-network,Motivation,Goal,goal,Association,O
Technology,Distribution Network,distribution-network,Motivation,Meaning,meaning,Association,O
Technology,Distribution Network,distribution-network,Motivation,Outcome,outcome,Association,O
Technology,Distribution Network,distribution-network,Motivation,Principle,principle,Association,O
Technology,Distribution Network,distribution-network,Motivation,Requirement,requirement,Realization,R
Technology,Distribution Network,distribution-network,Motivation,Requirement,requirement,Influence,N
Technology,Distribution Network,distribution-network,Motivation,Requirement,requirement,Association,O
Technology,Distribution Network,distribution-network,Motivation,Stakeholder,stakeholder,Association,O
Technology,Distribution Network,distribution-network,Motivation,Value,value,Association,O
Technology,Distribution Network,distribution-network,Strategy,Capability,capability,Association,O
Technology,Distribution Network,distribution-network,Strategy,Course of Action,course-of-action,Association,O
Technology,Distribution Network,distribution-network,Strategy,Resource,resource,Realization,R
Technology,Distribution Network,distribution-network,Strategy,Resource,resource,Association,O
Technology,Distribution Network,distribution-network,Strategy,Value Stream,value-stream,Association,O
Technology,Distribution Network,distribution-network,Business,Business Actor,business-actor,Composition,C
Technology,Distribution Network,distribution-network,Business,Business Actor,business-actor,Aggregation,G
Technology,Distribution Network,distribution-network,Business,Business Actor,business-actor,Association,O
Technology,Distribution Network,distribution-network,Business,Business Interface,business-interface,Association,O
Technology,Distribution Network,distribution-network,Business,Business Object,business-object,Association,O
Technology,Distribution Network,distribution-network,Business,Product,product,Association,O
Technology,Distribution Network,distribution-network,Application,Application Component,application-component,Association,O
Technology,Distribution Network,distribution-network,Application,Application Interface,application-interface,Association,O
Technology,Distribution Network,distribution-network,Application,Data Object,data-object,Association,O
Technology,Distribution Network,distribution-network,Technology,Artifact,artifact,Association,O
Technology,Distribution Network,distribution-network,Technology,Communication Network,communication-network,Association,O
Technology,Distribution Network,distribution-network,Technology,Device,device,Association,O
Technology,Distribution Network,distribution-network,Technology,Distribution Network,distribution-network,Composition,C
Technology,Distribution Network,distribution-network,Technology,Distribution Network,distribution-network,Aggregation,G
Technology,Distribution Network,distribution-network,Technology,Distribution Network,distribution-network,Association,O
Technology,Distribution Network,distribution-network,Technology,Distribution Network,distribution-network,Specialization,S
Technology,Distribution Network,distribution-network,Technology,Equipment,equipment,Association,O
Technology,Distribution Network,distribution-network,Technology,Facility,facility,Association,O
Technology,Distribution Network,distribution-network,Technology,Material,material,Association,O
Technology,Distribution Network,distribution-network,Technology,Node,technology-node,Association,O
Technology,Distribution Network,distribution-network,Technology,System Software,system-software,Association,O
Technology,Distribution Network,distribution-network,Technology,Technology Interface,technology-interface,Association,O
Technology,Distribution Network,distribution-network,Implementation & Migration,Deliverable,deliverable,Association,O
Technology,Distribution Network,distribution-network,Implementation & Migration,Plateau,plateau,Association,O
Technology,Distribution Network,distribution-network,Implementation & Migration,Work Package,work-package,Association,O
Technology,Equipment,equipment,Common,Collaboration,collaboration,Association,O
Technology,Equipment,equipment,Common,Event,event,Association,O
Technology,Equipment,equipment,Common,Function,function,Association,O
Technology,Equipment,equipment,Common,Grouping,grouping,Composition,C
Technology,Equipment,equipment,Common,Grouping,grouping,Aggregation,G
Technology,Equipment,equipment,Common,Grouping,grouping,Assignment,I
Technology,Equipment,equipment,Common,Grouping,grouping,Realization,R
Technology,Equipment,equipment,Common,Grouping,grouping,Serving,V
Technology,Equipment,equipment,Common,Grouping,grouping,Access,A
Technology,Equipment,equipment,Common,Grouping,grouping,Influence,N
Technology,Equipment,equipment,Common,Grouping,grouping,Association,O
Technology,Equipment,equipment,Common,Grouping,grouping,Specialization,S
Technology,Equipment,equipment,Common,Grouping,grouping,Flow,F
Technology,Equipment,equipment,Common,Grouping,grouping,Triggering,T
Technology,Equipment,equipment,Common,Location,location,Association,O
Technology,Equipment,equipment,Common,Path,path,Realization,R
Technology,Equipment,equipment,Common,Path,path,Association,O
Technology,Equipment,equipment,Common,Process,process,Association,O
Technology,Equipment,equipment,Common,Role,role,Assignment,I
Technology,Equipment,equipment,Common,Role,role,Association,O
Technology,Equipment,equipment,Common,Service,service,Association,O
Technology,Equipment,equipment,Motivation,Assessment,assessment,Association,O
Technology,Equipment,equipment,Motivation,Driver,driver,Association,O
Technology,Equipment,equipment,Motivation,Goal,goal,Association,O
Technology,Equipment,equipment,Motivation,Meaning,meaning,Association,O
Technology,Equipment,equipment,Motivation,Outcome,outcome,Association,O
Technology,Equipment,equipment,Motivation,Principle,principle,Association,O
Technology,Equipment,equipment,Motivation,Requirement,requirement,Realization,R
Technology,Equipment,equipment,Motivation,Requirement,requirement,Influence,N
Technology,Equipment,equipment,Motivation,Requirement,requirement,Association,O
Technology,Equipment,equipment,Motivation,Stakeholder,stakeholder,Association,O
Technology,Equipment,equipment,Motivation,Value,value,Association,O
Technology,Equipment,equipment,Strategy,Capability,capability,Association,O
Technology,Equipment,equipment,Strategy,Course of Action,course-of-action,Association,O
Technology,Equipment,equipment,Strategy,Resource,resource,Realization,R
Technology,Equipment,equipment,Strategy,Resource,resource,Association,O
Technology,Equipment,equipment,Strategy,Value Stream,value-stream,Association,O
Technology,Equipment,equipment,Business,Business Actor,business-actor,Association,O
Technology,Equipment,equipment,Business,Business Interface,business-interface,Association,O
Technology,Equipment,equipment,Business,Business Object,business-object,Association,O
Technology,Equipment,equipment,Business,Product,product,Association,O
Technology,Equipment,equipment,Application,Application Component,application-component,Serving,V
Technology,Equipment,equipment,Application,Application Component,application-component,Association,O
Technology,Equipment,equipment,Application,Application Interface,application-interface,Serving,V
Technology,Equipment,equipment,Application,Application Interface,application-interface,Association,O
Technology,Equipment,equipment,Application,Data Object,data-object,Association,O
Technology,Equipment,equipment,Technology,Artifact,artifact,Assignment,I
Technology,Equipment,equipment,Technology,Artifact,artifact,Association,O
Technology,Equipment,equipment,Technology,Communication Network,communication-network,Association,O
Technology,Equipment,equipment,Technology,Device,device,Composition,C
Technology,Equipment,equipment,Technology,Device,device,Aggregation,G
Technology,Equipment,equipment,Technology,Device,device,Association,O
Technology,Equipment,equipment,Technology,Distribution Network,distribution-network,Association,O
Technology,Equipment,equipment,Technology,Equipment,equipment,Composition,C
Technology,Equipment,equipment,Technology,Equipment,equipment,Aggregation,G
Technology,Equipment,equipment,Technology,Equipment,equipment,Association,O
Technology,Equipment,equipment,Technology,Equipment,equipment,Specialization,S
Technology,Equipment,equipment,Technology,Facility,facility,Association,O
Technology,Equipment,equipment,Technology,Material,material,Association,O
Technology,Equipment,equipment,Technology,Node,technology-node,Association,O
Technology,Equipment,equipment,Technology,System Software,system-software,Association,O
Technology,Equipment,equipment,Technology,Technology Interface,technology-interface,Composition,C
Technology,Equipment,equipment,Technology,Technology Interface,technology-interface,Aggregation,G
Technology,Equipment,equipment,Technology,Technology Interface,technology-interface,Association,O
Technology,Equipment,equipment,Implementation & Migration,Deliverable,deliverable,Association,O
Technology,Equipment,equipment,Implementation & Migration,Plateau,plateau,Association,O
Technology,Equipment,equipment,Implementation & Migration,Work Package,work-package,Association,O
Technology,Facility,facility,Common,Collaboration,collaboration,Association,O
Technology,Facility,facility,Common,Event,event,Association,O
Technology,Facility,facility,Common,Function,function,Association,O
Technology,Facility,facility,Common,Grouping,grouping,Composition,C
Technology,Facility,facility,Common,Grouping,grouping,Aggregation,G
Technology,Facility,facility,Common,Grouping,grouping,Assignment,I
Technology,Facility,facility,Common,Grouping,grouping,Realization,R
Technology,Facility,facility,Common,Grouping,grouping,Serving,V
Technology,Facility,facility,Common,Grouping,grouping,Access,A
Technology,Facility,facility,Common,Grouping,grouping,Influence,N
Technology,Facility,facility,Common,Grouping,grouping,Association,O
Technology,Facility,facility,Common,Grouping,grouping,Specialization,S
Technology,Facility,facility,Common,Grouping,grouping,Flow,F
Technology,Facility,facility,Common,Grouping,grouping,Triggering,T
Technology,Facility,facility,Common,Location,location,Association,O
Technology,Facility,facility,Common,Path,path,Realization,R
Technology,Facility,facility,Common,Path,path,Association,O
Technology,Facility,facility,Common,Process,process,Association,O
Technology,Facility,facility,Common,Role,role,Assignment,I
Technology,Facility,facility,Common,Role,role,Association,O
Technology,Facility,facility,Common,Service,service,Association,O
Technology,Facility,facility,Motivation,Assessment,assessment,Association,O
Technology,Facility,facility,Motivation,Driver,driver,Association,O
Technology,Facility,facility,Motivation,Goal,goal,Association,O
Technology,Facility,facility,Motivation,Meaning,meaning,Association,O
Technology,Facility,facility,Motivation,Outcome,outcome,Association,O
Technology,Facility,facility,Motivation,Principle,principle,Association,O
Technology,Facility,facility,Motivation,Requirement,requirement,Realization,R
Technology,Facility,facility,Motivation,Requirement,requirement,Influence,N
Technology,Facility,facility,Motivation,Requirement,requirement,Association,O
Technology,Facility,facility,Motivation,Stakeholder,stakeholder,Association,O
Technology,Facility,facility,Motivation,Value,value,Association,O
Technology,Facility,facility,Strategy,Capability,capability,Association,O
Technology,Facility,facility,Strategy,Course of Action,course-of-action,Association,O
Technology,Facility,facility,Strategy,Resource,resource,Realization,R
Technology,Facility,facility,Strategy,Resource,resource,Association,O
Technology,Facility,facility,Strategy,Value Stream,value-stream,Association,O
Technology,Facility,facility,Business,Business Actor,business-actor,Assignment,I
Technology,Facility,facility,Business,Business Actor,business-actor,Association,O
Technology,Facility,facility,Business,Business Interface,business-interface,Association,O
Technology,Facility,facility,Business,Business Object,business-object,Association,O
Technology,Facility,facility,Business,Product,product,Association,O
Technology,Facility,facility,Application,Application Component,application-component,Serving,V
Technology,Facility,facility,Application,Application Component,application-component,Association,O
Technology,Facility,facility,Application,Application Interface,application-interface,Serving,V
Technology,Facility,facility,Application,Application Interface,application-interface,Association,O
Technology,Facility,facility,Application,Data Object,data-object,Association,O
Technology,Facility,facility,Technology,Artifact,artifact,Assignment,I
Technology,Facility,facility,Technology,Artifact,artifact,Association,O
Technology,Facility,facility,Technology,Communication Network,communication-network,Association,O
Technology,Facility,facility,Technology,Device,device,Association,O
Technology,Facility,facility,Technology,Distribution Network,distribution-network,Association,O
Technology,Facility,facility,Technology,Equipment,equipment,Association,O
Technology,Facility,facility,Technology,Facility,facility,Composition,C
Technology,Facility,facility,Technology,Facility,facility,Aggregation,G
Technology,Facility,facility,Technology,Facility,facility,Association,O
Technology,Facility,facility,Technology,Facility,facility,Specialization,S
Technology,Facility,facility,Technology,Material,material,Association,O
Technology,Facility,facility,Technology,Node,technology-node,Composition,C
Technology,Facility,facility,Technology,Node,technology-node,Aggregation,G
Technology,Facility,facility,Technology,Node,technology-node,Assignment,I
Technology,Facility,facility,Technology,Node,technology-node,Association,O
Technology,Facility,facility,Technology,System Software,system-software,Association,O
Technology,Facility,facility,Technology,Technology Interface,technology-interface,Composition,C
Technology,Facility,facility,Technology,Technology Interface,technology-interface,Aggregation,G
Technology,Facility,facility,Technology,Technology Interface,technology-interface,Association,O
Technology,Facility,facility,Implementation & Migration,Deliverable,deliverable,Association,O
Technology,Facility,facility,Implementation & Migration,Plateau,plateau,Association,O
Technology,Facility,facility,Implementation & Migration,Work Package,work-package,Association,O
Technology,Material,material,Common,Collaboration,collaboration,Association,O
Technology,Material,material,Common,Event,event,Association,O
Technology,Material,material,Common,Function,function,Association,O
Technology,Material,material,Common,Grouping,grouping,Composition,C
Technology,Material,material,Common,Grouping,grouping,Aggregation,G
Technology,Material,material,Common,Grouping,grouping,Assignment,I
Technology,Material,material,Common,Grouping,grouping,Realization,R
Technology,Material,material,Common,Grouping,grouping,Serving,V
Technology,Material,material,Common,Grouping,grouping,Access,A
Technology,Material,material,Common,Grouping,grouping,Influence,N
Technology,Material,material,Common,Grouping,grouping,Association,O
Technology,Material,material,Common,Grouping,grouping,Specialization,S
Technology,Material,material,Common,Grouping,grouping,Flow,F
Technology,Material,material,Common,Grouping,grouping,Triggering,T
Technology,Material,material,Common,Location,location,Association,O
Technology,Material,material,Common,Path,path,Association,O
Technology,Material,material,Common,Process,process,Association,O
Technology,Material,material,Common,Role,role,Association,O
Technology,Material,material,Common,Service,service,Association,O
Technology,Material,material,Motivation,Assessment,assessment,Association,O
Technology,Material,material,Motivation,Driver,driver,Association,O
Technology,Material,material,Motivation,Goal,goal,Association,O
Technology,Material,material,Motivation,Meaning,meaning,Association,O
Technology,Material,material,Motivation,Outcome,outcome,Association,O
Technology,Material,material,Motivation,Principle,principle,Association,O
Technology,Material,material,Motivation,Requirement,requirement,Association,O
Technology,Material,material,Motivation,Stakeholder,stakeholder,Association,O
Technology,Material,material,Motivation,Value,value,Association,O
Technology,Material,material,Strategy,Capability,capability,Association,O
Technology,Material,material,Strategy,Course of Action,course-of-action,Association,O
Technology,Material,material,Strategy,Resource,resource,Association,O
Technology,Material,material,Strategy,Value Stream,value-stream,Association,O
Technology,Material,material,Business,Business Actor,business-actor,Association,O
Technology,Material,material,Business,Business Interface,business-interface,Association,O
Technology,Material,material,Business,Business Object,business-object,Realization,R
Technology,Material,material,Business,Business Object,business-object,Association,O
Technology,Material,material,Business,Business Object,business-object,Specialization,S
Technology,Material,material,Business,Product,product,Association,O
Technology,Material,material,Application,Application Component,application-component,Association,O
Technology,Material,material,Application,Application Interface,application-interface,Association,O
Technology,Material,material,Application,Data Object,data-object,Association,O
Technology,Material,material,Application,Data Object,data-object,Specialization,S
Technology,Material,material,Technology,Artifact,artifact,Association,O
Technology,Material,material,Technology,Communication Network,communication-network,Association,O
Technology,Material,material,Technology,Device,device,Association,O
Technology,Material,material,Technology,Distribution Network,distribution-network,Association,O
Technology,Material,material,Technology,Equipment,equipment,Association,O
Technology,Material,material,Technology,Facility,facility,Association,O
Technology,Material,material,Technology,Material,material,Composition,C
Technology,Material,material,Technology,Material,material,Aggregation,G
Technology,Material,material,Technology,Material,material,Association,O
Technology,Material,material,Technology,Material,material,Specialization,S
Technology,Material,material,Technology,Node,technology-node,Association,O
Technology,Material,material,Technology,System Software,system-software,Association,O
Technology,Material,material,Technology,Technology Interface,technology-interface,Association,O
Technology,Material,material,Implementation & Migration,Deliverable,deliverable,Association,O
Technology,Material,material,Implementation & Migration,Plateau,plateau,Association,O
Technology,Material,material,Implementation & Migration,Work Package,work-package,Association,O
Technology,Node,technology-node,Common,Collaboration,collaboration,Association,O
Technology,Node,technology-node,Common,Event,event,Association,O
Technology,Node,technology-node,Common,Function,function,Association,O
Technology,Node,technology-node,Common,Grouping,grouping,Composition,C
Technology,Node,technology-node,Common,Grouping,grouping,Aggregation,G
Technology,Node,technology-node,Common,Grouping,grouping,Assignment,I
Technology,Node,technology-node,Common,Grouping,grouping,Realization,R
Technology,Node,technology-node,Common,Grouping,grouping,Serving,V
Technology,Node,technology-node,Common,Grouping,grouping,Access,A
Technology,Node,technology-node,Common,Grouping,grouping,Influence,N
Technology,Node,technology-node,Common,Grouping,grouping,Association,O
Technology,Node,technology-node,Common,Grouping,grouping,Specialization,S
Technology,Node,technology-node,Common,Grouping,grouping,Flow,F
Technology,Node,technology-node,Common,Grouping,grouping,Triggering,T
Technology,Node,technology-node,Common,Location,location,Association,O
Technology,Node,technology-node,Common,Path,path,Realization,R
Technology,Node,technology-node,Common,Path,path,Association,O
Technology,Node,technology-node,Common,Process,process,Association,O
Technology,Node,technology-node,Common,Role,role,Assignment,I
Technology,Node,technology-node,Common,Role,role,Association,O
Technology,Node,technology-node,Common,Service,service,Association,O
Technology,Node,technology-node,Motivation,Assessment,assessment,Association,O
Technology,Node,technology-node,Motivation,Driver,driver,Association,O
Technology,Node,technology-node,Motivation,Goal,goal,Association,O
Technology,Node,technology-node,Motivation,Meaning,meaning,Association,O
Technology,Node,technology-node,Motivation,Outcome,outcome,Association,O
Technology,Node,technology-node,Motivation,Principle,principle,Association,O
Technology,Node,technology-node,Motivation,Requirement,requirement,Realization,R
Technology,Node,technology-node,Motivation,Requirement,requirement,Influence,N
Technology,Node,technology-node,Motivation,Requirement,requirement,Association,O
Technology,Node,technology-node,Motivation,Stakeholder,stakeholder,Association,O
Technology,Node,technology-node,Motivation,Value,value,Association,O
Technology,Node,technology-node,Strategy,Capability,capability,Association,O
Technology,Node,technology-node,Strategy,Course of Action,course-of-action,Association,O
Technology,Node,technology-node,Strategy,Resource,resource,Realization,R
Technology,Node,technology-node,Strategy,Resource,resource,Association,O
Technology,Node,technology-node,Strategy,Value Stream,value-stream,Association,O
Technology,Node,technology-node,Business,Business Actor,business-actor,Association,O
Technology,Node,technology-node,Business,Business Interface,business-interface,Association,O
Technology,Node,technology-node,Business,Business Object,business-object,Association,O
Technology,Node,technology-node,Business,Product,product,Association,O
Technology,Node,technology-node,Application,Application Component,application-component,Serving,V
Technology,Node,technology-node,Application,Application Component,application-component,Association,O
Technology,Node,technology-node,Application,Application Interface,application-interface,Serving,V
Technology,Node,technology-node,Application,Application Interface,application-interface,Association,O
Technology,Node,technology-node,Application,Data Object,data-object,Association,O
Technology,Node,technology-node,Technology,Artifact,artifact,Aggregation,G
Technology,Node,technology-node,Technology,Artifact,artifact,Assignment,I
Technology,Node,technology-node,Technology,Artifact,artifact,Association,O
Technology,Node,technology-node,Technology,Communication Network,communication-network,Association,O
Technology,Node,technology-node,Technology,Device,device,Composition,C
Technology,Node,technology-node,Technology,Device,device,Aggregation,G
Technology,Node,technology-node,Technology,Device,device,Association,O
Technology,Node,technology-node,Technology,Distribution Network,distribution-network,Association,O
Technology,Node,technology-node,Technology,Equipment,equipment,Composition,C
Technology,Node,technology-node,Technology,Equipment,equipment,Aggregation,G
Technology,Node,technology-node,Technology,Equipment,equipment,Association,O
Technology,Node,technology-node,Technology,Facility,facility,Composition,C
Technology,Node,technology-node,Technology,Facility,facility,Aggregation,G
Technology,Node,technology-node,Technology,Facility,facility,Association,O
Technology,Node,technology-node,Technology,Material,material,Association,O
Technology,Node,technology-node,Technology,Node,technology-node,Composition,C
Technology,Node,technology-node,Technology,Node,technology-node,Aggregation,G
Technology,Node,technology-node,Technology,Node,technology-node,Association,O
Technology,Node,technology-node,Technology,Node,technology-node,Specialization,S
Technology,Node,technology-node,Technology,System Software,system-software,Composition,C
Technology,Node,technology-node,Technology,System Software,system-software,Aggregation,G
Technology,Node,technology-node,Technology,System Software,system-software,Association,O
Technology,Node,technology-node,Technology,Technology Interface,technology-interface,Composition,C
Technology,Node,technology-node,Technology,Technology Interface,technology-interface,Aggregation,G
Technology,Node,technology-node,Technology,Technology Interface,technology-interface,Association,O
Technology,Node,technology-node,Implementation & Migration,Deliverable,deliverable,Association,O
Technology,Node,technology-node,Implementation & Migration,Plateau,plateau,Association,O
Technology,Node,technology-node,Implementation & Migration,Work Package,work-package,Association,O
Technology,System Software,system-software,Common,Collaboration,collaboration,Association,O
Technology,System Software,system-software,Common,Event,event,Association,O
Technology,System Software,system-software,Common,Function,function,Association,O
Technology,System Software,system-software,Common,Grouping,grouping,Composition,C
Technology,System Software,system-software,Common,Grouping,grouping,Aggregation,G
Technology,System Software,system-software,Common,Grouping,grouping,Assignment,I
Technology,System Software,system-software,Common,Grouping,grouping,Realization,R
Technology,System Software,system-software,Common,Grouping,grouping,Serving,V
Technology,System Software,system-software,Common,Grouping,grouping,Access,A
Technology,System Software,system-software,Common,Grouping,grouping,Influence,N
Technology,System Software,system-software,Common,Grouping,grouping,Association,O
Technology,System Software,system-software,Common,Grouping,grouping,Specialization,S
Technology,System Software,system-software,Common,Grouping,grouping,Flow,F
Technology,System Software,system-software,Common,Grouping,grouping,Triggering,T
Technology,System Software,system-software,Common,Location,location,Association,O
Technology,System Software,system-software,Common,Path,path,Realization,R
Technology,System Software,system-software,Common,Path,path,Association,O
Technology,System Software,system-software,Common,Process,process,Association,O
Technology,System Software,system-software,Common,Role,role,Assignment,I
Technology,System Software,system-software,Common,Role,role,Association,O
Technology,System Software,system-software,Common,Service,service,Association,O
Technology,System Software,system-software,Motivation,Assessment,assessment,Association,O
Technology,System Software,system-software,Motivation,Driver,driver,Association,O
Technology,System Software,system-software,Motivation,Goal,goal,Association,O
Technology,System Software,system-software,Motivation,Meaning,meaning,Association,O
Technology,System Software,system-software,Motivation,Outcome,outcome,Association,O
Technology,System Software,system-software,Motivation,Principle,principle,Association,O
Technology,System Software,system-software,Motivation,Requirement,requirement,Realization,R
Technology,System Software,system-software,Motivation,Requirement,requirement,Influence,N
Technology,System Software,system-software,Motivation,Requirement,requirement,Association,O
Technology,System Software,system-software,Motivation,Stakeholder,stakeholder,Association,O
Technology,System Software,system-software,Motivation,Value,value,Association,O
Technology,System Software,system-software,Strategy,Capability,capability,Association,O
Technology,System Software,system-software,Strategy,Course of Action,course-of-action,Association,O
Technology,System Software,system-software,Strategy,Resource,resource,Realization,R
Technology,System Software,system-software,Strategy,Resource,resource,Association,O
Technology,System Software,system-software,Strategy,Value Stream,value-stream,Association,O
Technology,System Software,system-software,Business,Business Actor,business-actor,Association,O
Technology,System Software,system-software,Business,Business Interface,business-interface,Association,O
Technology,System Software,system-software,Business,Business Object,business-object,Association,O
Technology,System Software,system-software,Business,Product,product,Association,O
Technology,System Software,system-software,Application,Application Component,application-component,Serving,V
Technology,System Software,system-software,Application,Application Component,application-component,Association,O
Technology,System Software,system-software,Application,Application Interface,application-interface,Serving,V
Technology,System Software,system-software,Application,Application Interface,application-interface,Association,O
Technology,System Software,system-software,Application,Data Object,data-object,Association,O
Technology,System Software,system-software,Technology,Artifact,artifact,Assignment,I
Technology,System Software,system-software,Technology,Artifact,artifact,Association,O
Technology,System Software,system-software,Technology,Communication Network,communication-network,Association,O
Technology,System Software,system-software,Technology,Device,device,Association,O
Technology,System Software,system-software,Technology,Distribution Network,distribution-network,Association,O
Technology,System Software,system-software,Technology,Equipment,equipment,Association,O
Technology,System Software,system-software,Technology,Facility,facility,Association,O
Technology,System Software,system-software,Technology,Material,material,Association,O
Technology,System Software,system-software,Technology,Node,technology-node,Association,O
Technology,System Software,system-software,Technology,System Software,system-software,Composition,C
Technology,System Software,system-software,Technology,System Software,system-software,Aggregation,G
Technology,System Software,system-software,Technology,System Software,system-software,Assignment,I
Technology,System Software,system-software,Technology,System Software,system-software,Association,O
Technology,System Software,system-software,Technology,System Software,system-software,Specialization,S
Technology,System Software,system-software,Technology,Technology Interface,technology-interface,Composition,C
Technology,System Software,system-software,Technology,Technology Interface,technology-interface,Aggregation,G
Technology,System Software,system-software,Technology,Technology Interface,technology-interface,Association,O
Technology,System Software,system-software,Implementation & Migration,Deliverable,deliverable,Association,O
Technology,System Software,system-software,Implementation & Migration,Plateau,plateau,Association,O
Technology,System Software,system-software,Implementation & Migration,Work Package,work-package,Association,O
Technology,Technology Interface,technology-interface,Common,Collaboration,collaboration,Association,O
Technology,Technology Interface,technology-interface,Common,Event,event,Association,O
Technology,Technology Interface,technology-interface,Common,Function,function,Association,O
Technology,Technology Interface,technology-interface,Common,Grouping,grouping,Composition,C
Technology,Technology Interface,technology-interface,Common,Grouping,grouping,Aggregation,G
Technology,Technology Interface,technology-interface,Common,Grouping,grouping,Assignment,I
Technology,Technology Interface,technology-interface,Common,Grouping,grouping,Realization,R
Technology,Technology Interface,technology-interface,Common,Grouping,grouping,Serving,V
Technology,Technology Interface,technology-interface,Common,Grouping,grouping,Access,A
Technology,Technology Interface,technology-interface,Common,Grouping,grouping,Influence,N
Technology,Technology Interface,technology-interface,Common,Grouping,grouping,Association,O
Technology,Technology Interface,technology-interface,Common,Grouping,grouping,Specialization,S
Technology,Technology Interface,technology-interface,Common,Grouping,grouping,Flow,F
Technology,Technology Interface,technology-interface,Common,Grouping,grouping,Triggering,T
Technology,Technology Interface,technology-interface,Common,Location,location,Association,O
Technology,Technology Interface,technology-interface,Common,Path,path,Realization,R
Technology,Technology Interface,technology-interface,Common,Path,path,Association,O
Technology,Technology Interface,technology-interface,Common,Process,process,Association,O
Technology,Technology Interface,technology-interface,Common,Role,role,Assignment,I
Technology,Technology Interface,technology-interface,Common,Role,role,Association,O
Technology,Technology Interface,technology-interface,Common,Service,service,Assignment,I
Technology,Technology Interface,technology-interface,Common,Service,service,Association,O
Technology,Technology Interface,technology-interface,Motivation,Assessment,assessment,Association,O
Technology,Technology Interface,technology-interface,Motivation,Driver,driver,Association,O
Technology,Technology Interface,technology-interface,Motivation,Goal,goal,Association,O
Technology,Technology Interface,technology-interface,Motivation,Meaning,meaning,Association,O
Technology,Technology Interface,technology-interface,Motivation,Outcome,outcome,Association,O
Technology,Technology Interface,technology-interface,Motivation,Principle,principle,Association,O
Technology,Technology Interface,technology-interface,Motivation,Requirement,requirement,Realization,R
Technology,Technology Interface,technology-interface,Motivation,Requirement,requirement,Influence,N
Technology,Technology Interface,technology-interface,Motivation,Requirement,requirement,Association,O
Technology,Technology Interface,technology-interface,Motivation,Stakeholder,stakeholder,Association,O
Technology,Technology Interface,technology-interface,Motivation,Value,value,Association,O
Technology,Technology Interface,technology-interface,Strategy,Capability,capability,Association,O
Technology,Technology Interface,technology-interface,Strategy,Course of Action,course-of-action,Association,O
Technology,Technology Interface,technology-interface,Strategy,Resource,resource,Realization,R
Technology,Technology Interface,technology-interface,Strategy,Resource,resource,Association,O
Technology,Technology Interface,technology-interface,Strategy,Value Stream,value-stream,Association,O
Technology,Technology Interface,technology-interface,Business,Business Actor,business-actor,Association,O
Technology,Technology Interface,technology-interface,Business,Business Interface,business-interface,Association,O
Technology,Technology Interface,technology-interface,Business,Business Object,business-object,Association,O
Technology,Technology Interface,technology-interface,Business,Product,product,Association,O
Technology,Technology Interface,technology-interface,Application,Application Component,application-component,Association,O
Technology,Technology Interface,technology-interface,Application,Application Interface,application-interface,Realization,R
Technology,Technology Interface,technology-interface,Application,Application Interface,application-interface,Association,O
Technology,Technology Interface,technology-interface,Application,Data Object,data-object,Association,O
Technology,Technology Interface,technology-interface,Technology,Artifact,artifact,Association,O
Technology,Technology Interface,technology-interface,Technology,Communication Network,communication-network,Association,O
Technology,Technology Interface,technology-interface,Technology,Device,device,Association,O
Technology,Technology Interface,technology-interface,Technology,Distribution Network,distribution-network,Association,O
Technology,Technology Interface,technology-interface,Technology,Equipment,equipment,Association,O
Technology,Technology Interface,technology-interface,Technology,Facility,facility,Association,O
Technology,Technology Interface,technology-interface,Technology,Material,material,Association,O
Technology,Technology Interface,technology-interface,Technology,Node,technology-node,Association,O
Technology,Technology Interface,technology-interface,Technology,System Software,system-software,Association,O
Technology,Technology Interface,technology-interface,Technology,Technology Interface,technology-interface,Composition,C
Technology,Technology Interface,technology-interface,Technology,Technology Interface,technology-interface,Aggregation,G
Technology,Technology Interface,technology-interface,Technology,Technology Interface,technology-interface,Association,O
Technology,Technology Interface,technology-interface,Technology,Technology Interface,technology-interface,Specialization,S
Technology,Technology Interface,technology-interface,Implementation & Migration,Deliverable,deliverable,Association,O
Technology,Technology Interface,technology-interface,Implementation & Migration,Plateau,plateau,Association,O
Technology,Technology Interface,technology-interface,Implementation & Migration,Work Package,work-package,Association,O
Implementation & Migration,Deliverable,deliverable,Common,Collaboration,collaboration,Association,O
Implementation & Migration,Deliverable,deliverable,Common,Event,event,Realization,R
Implementation & Migration,Deliverable,deliverable,Common,Event,event,Association,O
Implementation & Migration,Deliverable,deliverable,Common,Function,function,Realization,R
Implementation & Migration,Deliverable,deliverable,Common,Function,function,Association,O
Implementation & Migration,Deliverable,deliverable,Common,Grouping,grouping,Composition,C
Implementation & Migration,Deliverable,deliverable,Common,Grouping,grouping,Aggregation,G
Implementation & Migration,Deliverable,deliverable,Common,Grouping,grouping,Assignment,I
Implementation & Migration,Deliverable,deliverable,Common,Grouping,grouping,Realization,R
Implementation & Migration,Deliverable,deliverable,Common,Grouping,grouping,Serving,V
Implementation & Migration,Deliverable,deliverable,Common,Grouping,grouping,Access,A
Implementation & Migration,Deliverable,deliverable,Common,Grouping,grouping,Influence,N
Implementation & Migration,Deliverable,deliverable,Common,Grouping,grouping,Association,O
Implementation & Migration,Deliverable,deliverable,Common,Grouping,grouping,Specialization,S
Implementation & Migration,Deliverable,deliverable,Common,Grouping,grouping,Flow,F
Implementation & Migration,Deliverable,deliverable,Common,Grouping,grouping,Triggering,T
Implementation & Migration,Deliverable,deliverable,Common,Location,location,Association,O
Implementation & Migration,Deliverable,deliverable,Common,Path,path,Realization,R
Implementation & Migration,Deliverable,deliverable,Common,Path,path,Association,O
Implementation & Migration,Deliverable,deliverable,Common,Process,process,Realization,R
Implementation & Migration,Deliverable,deliverable,Common,Process,process,Association,O
Implementation & Migration,Deliverable,deliverable,Common,Role,role,Realization,R
Implementation & Migration,Deliverable,deliverable,Common,Role,role,Association,O
Implementation & Migration,Deliverable,deliverable,Common,Service,service,Realization,R
Implementation & Migration,Deliverable,deliverable,Common,Service,service,Association,O
Implementation & Migration,Deliverable,deliverable,Motivation,Assessment,assessment,Association,O
Implementation & Migration,Deliverable,deliverable,Motivation,Driver,driver,Association,O
Implementation & Migration,Deliverable,deliverable,Motivation,Goal,goal,Association,O
Implementation & Migration,Deliverable,deliverable,Motivation,Meaning,meaning,Association,O
Implementation & Migration,Deliverable,deliverable,Motivation,Outcome,outcome,Association,O
Implementation & Migration,Deliverable,deliverable,Motivation,Principle,principle,Association,O
Implementation & Migration,Deliverable,deliverable,Motivation,Requirement,requirement,Realization,R
Implementation & Migration,Deliverable,deliverable,Motivation,Requirement,requirement,Association,O
Implementation & Migration,Deliverable,deliverable,Motivation,Stakeholder,stakeholder,Association,O
Implementation & Migration,Deliverable,deliverable,Motivation,Value,value,Association,O
Implementation & Migration,Deliverable,deliverable,Strategy,Capability,capability,Realization,R
Implementation & Migration,Deliverable,deliverable,Strategy,Capability,capability,Association,O
Implementation & Migration,Deliverable,deliverable,Strategy,Course of Action,course-of-action,Realization,R
Implementation & Migration,Deliverable,deliverable,Strategy,Course of Action,course-of-action,Association,O
Implementation & Migration,Deliverable,deliverable,Strategy,Resource,resource,Realization,R
Implementation & Migration,Deliverable,deliverable,Strategy,Resource,resource,Association,O
Implementation & Migration,Deliverable,deliverable,Strategy,Value Stream,value-stream,Realization,R
Implementation & Migration,Deliverable,deliverable,Strategy,Value Stream,value-stream,Association,O
Implementation & Migration,Deliverable,deliverable,Business,Business Actor,business-actor,Realization,R
Implementation & Migration,Deliverable,deliverable,Business,Business Actor,business-actor,Association,O
Implementation & Migration,Deliverable,deliverable,Business,Business Interface,business-interface,Realization,R
Implementation & Migration,Deliverable,deliverable,Business,Business Interface,business-interface,Association,O
Implementation & Migration,Deliverable,deliverable,Business,Business Object,business-object,Realization,R
Implementation & Migration,Deliverable,deliverable,Business,Business Object,business-object,Association,O
Implementation & Migration,Deliverable,deliverable,Business,Product,product,Realization,R
Implementation & Migration,Deliverable,deliverable,Business,Product,product,Association,O
Implementation & Migration,Deliverable,deliverable,Application,Application Component,application-component,Realization,R
Implementation & Migration,Deliverable,deliverable,Application,Application Component,application-component,Association,O
Implementation & Migration,Deliverable,deliverable,Application,Application Interface,application-interface,Realization,R
Implementation & Migration,Deliverable,deliverable,Application,Application Interface,application-interface,Association,O
Implementation & Migration,Deliverable,deliverable,Application,Data Object,data-object,Realization,R
Implementation & Migration,Deliverable,deliverable,Application,Data Object,data-object,Association,O
Implementation & Migration,Deliverable,deliverable,Technology,Artifact,artifact,Realization,R
Implementation & Migration,Deliverable,deliverable,Technology,Artifact,artifact,Association,O
Implementation & Migration,Deliverable,deliverable,Technology,Communication Network,communication-network,Realization,R
Implementation & Migration,Deliverable,deliverable,Technology,Communication Network,communication-network,Association,O
Implementation & Migration,Deliverable,deliverable,Technology,Device,device,Realization,R
Implementation & Migration,Deliverable,deliverable,Technology,Device,device,Association,O
Implementation & Migration,Deliverable,deliverable,Technology,Distribution Network,distribution-network,Realization,R
Implementation & Migration,Deliverable,deliverable,Technology,Distribution Network,distribution-network,Association,O
Implementation & Migration,Deliverable,deliverable,Technology,Equipment,equipment,Realization,R
Implementation & Migration,Deliverable,deliverable,Technology,Equipment,equipment,Association,O
Implementation & Migration,Deliverable,deliverable,Technology,Facility,facility,Realization,R
Implementation & Migration,Deliverable,deliverable,Technology,Facility,facility,Association,O
Implementation & Migration,Deliverable,deliverable,Technology,Material,material,Realization,R
Implementation & Migration,Deliverable,deliverable,Technology,Material,material,Association,O
Implementation & Migration,Deliverable,deliverable,Technology,Node,technology-node,Realization,R
Implementation & Migration,Deliverable,deliverable,Technology,Node,technology-node,Association,O
Implementation & Migration,Deliverable,deliverable,Technology,System Software,system-software,Realization,R
Implementation & Migration,Deliverable,deliverable,Technology,System Software,system-software,Association,O
Implementation & Migration,Deliverable,deliverable,Technology,Technology Interface,technology-interface,Realization,R
Implementation & Migration,Deliverable,deliverable,Technology,Technology Interface,technology-interface,Association,O
Implementation & Migration,Deliverable,deliverable,Implementation & Migration,Deliverable,deliverable,Composition,C
Implementation & Migration,Deliverable,deliverable,Implementation & Migration,Deliverable,deliverable,Aggregation,G
Implementation & Migration,Deliverable,deliverable,Implementation & Migration,Deliverable,deliverable,Association,O
Implementation & Migration,Deliverable,deliverable,Implementation & Migration,Deliverable,deliverable,Specialization,S
Implementation & Migration,Deliverable,deliverable,Implementation & Migration,Plateau,plateau,Realization,R
Implementation & Migration,Deliverable,deliverable,Implementation & Migration,Plateau,plateau,Association,O
Implementation & Migration,Deliverable,deliverable,Implementation & Migration,Work Package,work-package,Association,O
Implementation & Migration,Plateau,plateau,Common,Collaboration,collaboration,Association,O
Implementation & Migration,Plateau,plateau,Common,Event,event,Composition,C
Implementation & Migration,Plateau,plateau,Common,Event,event,Aggregation,G
Implementation & Migration,Plateau,plateau,Common,Event,event,Realization,R
Implementation & Migration,Plateau,plateau,Common,Event,event,Association,O
Implementation & Migration,Plateau,plateau,Common,Event,event,Triggering,T
Implementation & Migration,Plateau,plateau,Common,Function,function,Composition,C
Implementation & Migration,Plateau,plateau,Common,Function,function,Aggregation,G
Implementation & Migration,Plateau,plateau,Common,Function,function,Realization,R
Implementation & Migration,Plateau,plateau,Common,Function,function,Association,O
Implementation & Migration,Plateau,plateau,Common,Grouping,grouping,Composition,C
Implementation & Migration,Plateau,plateau,Common,Grouping,grouping,Aggregation,G
Implementation & Migration,Plateau,plateau,Common,Grouping,grouping,Assignment,I
Implementation & Migration,Plateau,plateau,Common,Grouping,grouping,Realization,R
Implementation & Migration,Plateau,plateau,Common,Grouping,grouping,Serving,V
Implementation & Migration,Plateau,plateau,Common,Grouping,grouping,Access,A
Implementation & Migration,Plateau,plateau,Common,Grouping,grouping,Influence,N
Implementation & Migration,Plateau,plateau,Common,Grouping,grouping,Association,O
Implementation & Migration,Plateau,plateau,Common,Grouping,grouping,Specialization,S
Implementation & Migration,Plateau,plateau,Common,Grouping,grouping,Flow,F
Implementation & Migration,Plateau,plateau,Common,Grouping,grouping,Triggering,T
Implementation & Migration,Plateau,plateau,Common,Location,location,Association,O
Implementation & Migration,Plateau,plateau,Common,Path,path,Composition,C
Implementation & Migration,Plateau,plateau,Common,Path,path,Aggregation,G
Implementation & Migration,Plateau,plateau,Common,Path,path,Realization,R
Implementation & Migration,Plateau,plateau,Common,Path,path,Association,O
Implementation & Migration,Plateau,plateau,Common,Process,process,Composition,C
Implementation & Migration,Plateau,plateau,Common,Process,process,Aggregation,G
Implementation & Migration,Plateau,plateau,Common,Process,process,Realization,R
Implementation & Migration,Plateau,plateau,Common,Process,process,Association,O
Implementation & Migration,Plateau,plateau,Common,Role,role,Composition,C
Implementation & Migration,Plateau,plateau,Common,Role,role,Aggregation,G
Implementation & Migration,Plateau,plateau,Common,Role,role,Realization,R
Implementation & Migration,Plateau,plateau,Common,Role,role,Association,O
Implementation & Migration,Plateau,plateau,Common,Service,service,Composition,C
Implementation & Migration,Plateau,plateau,Common,Service,service,Aggregation,G
Implementation & Migration,Plateau,plateau,Common,Service,service,Realization,R
Implementation & Migration,Plateau,plateau,Common,Service,service,Association,O
Implementation & Migration,Plateau,plateau,Motivation,Assessment,assessment,Association,O
Implementation & Migration,Plateau,plateau,Motivation,Driver,driver,Association,O
Implementation & Migration,Plateau,plateau,Motivation,Goal,goal,Composition,C
Implementation & Migration,Plateau,plateau,Motivation,Goal,goal,Aggregation,G
Implementation & Migration,Plateau,plateau,Motivation,Goal,goal,Association,O
Implementation & Migration,Plateau,plateau,Motivation,Meaning,meaning,Association,O
Implementation & Migration,Plateau,plateau,Motivation,Outcome,outcome,Association,O
Implementation & Migration,Plateau,plateau,Motivation,Principle,principle,Association,O
Implementation & Migration,Plateau,plateau,Motivation,Requirement,requirement,Composition,C
Implementation & Migration,Plateau,plateau,Motivation,Requirement,requirement,Aggregation,G
Implementation & Migration,Plateau,plateau,Motivation,Requirement,requirement,Realization,R
Implementation & Migration,Plateau,plateau,Motivation,Requirement,requirement,Influence,N
Implementation & Migration,Plateau,plateau,Motivation,Requirement,requirement,Association,O
Implementation & Migration,Plateau,plateau,Motivation,Stakeholder,stakeholder,Association,O
Implementation & Migration,Plateau,plateau,Motivation,Value,value,Association,O
Implementation & Migration,Plateau,plateau,Strategy,Capability,capability,Composition,C
Implementation & Migration,Plateau,plateau,Strategy,Capability,capability,Aggregation,G
Implementation & Migration,Plateau,plateau,Strategy,Capability,capability,Realization,R
Implementation & Migration,Plateau,plateau,Strategy,Capability,capability,Association,O
Implementation & Migration,Plateau,plateau,Strategy,Course of Action,course-of-action,Composition,C
Implementation & Migration,Plateau,plateau,Strategy,Course of Action,course-of-action,Aggregation,G
Implementation & Migration,Plateau,plateau,Strategy,Course of Action,course-of-action,Realization,R
Implementation & Migration,Plateau,plateau,Strategy,Course of Action,course-of-action,Association,O
Implementation & Migration,Plateau,plateau,Strategy,Resource,resource,Composition,C
Implementation & Migration,Plateau,plateau,Strategy,Resource,resource,Aggregation,G
Implementation & Migration,Plateau,plateau,Strategy,Resource,resource,Realization,R
Implementation & Migration,Plateau,plateau,Strategy,Resource,resource,Association,O
Implementation & Migration,Plateau,plateau,Strategy,Value Stream,value-stream,Composition,C
Implementation & Migration,Plateau,plateau,Strategy,Value Stream,value-stream,Aggregation,G
Implementation & Migration,Plateau,plateau,Strategy,Value Stream,value-stream,Realization,R
Implementation & Migration,Plateau,plateau,Strategy,Value Stream,value-stream,Association,O
Implementation & Migration,Plateau,plateau,Business,Business Actor,business-actor,Composition,C
Implementation & Migration,Plateau,plateau,Business,Business Actor,business-actor,Aggregation,G
Implementation & Migration,Plateau,plateau,Business,Business Actor,business-actor,Realization,R
Implementation & Migration,Plateau,plateau,Business,Business Actor,business-actor,Association,O
Implementation & Migration,Plateau,plateau,Business,Business Interface,business-interface,Composition,C
Implementation & Migration,Plateau,plateau,Business,Business Interface,business-interface,Aggregation,G
Implementation & Migration,Plateau,plateau,Business,Business Interface,business-interface,Realization,R
Implementation & Migration,Plateau,plateau,Business,Business Interface,business-interface,Association,O
Implementation & Migration,Plateau,plateau,Business,Business Object,business-object,Composition,C
Implementation & Migration,Plateau,plateau,Business,Business Object,business-object,Aggregation,G
Implementation & Migration,Plateau,plateau,Business,Business Object,business-object,Realization,R
Implementation & Migration,Plateau,plateau,Business,Business Object,business-object,Association,O
Implementation & Migration,Plateau,plateau,Business,Product,product,Composition,C
Implementation & Migration,Plateau,plateau,Business,Product,product,Aggregation,G
Implementation & Migration,Plateau,plateau,Business,Product,product,Realization,R
Implementation & Migration,Plateau,plateau,Business,Product,product,Association,O
Implementation & Migration,Plateau,plateau,Application,Application Component,application-component,Composition,C
Implementation & Migration,Plateau,plateau,Application,Application Component,application-component,Aggregation,G
Implementation & Migration,Plateau,plateau,Application,Application Component,application-component,Realization,R
Implementation & Migration,Plateau,plateau,Application,Application Component,application-component,Association,O
Implementation & Migration,Plateau,plateau,Application,Application Interface,application-interface,Composition,C
Implementation & Migration,Plateau,plateau,Application,Application Interface,application-interface,Aggregation,G
Implementation & Migration,Plateau,plateau,Application,Application Interface,application-interface,Realization,R
Implementation & Migration,Plateau,plateau,Application,Application Interface,application-interface,Association,O
Implementation & Migration,Plateau,plateau,Application,Data Object,data-object,Composition,C
Implementation & Migration,Plateau,plateau,Application,Data Object,data-object,Aggregation,G
Implementation & Migration,Plateau,plateau,Application,Data Object,data-object,Realization,R
Implementation & Migration,Plateau,plateau,Application,Data Object,data-object,Association,O
Implementation & Migration,Plateau,plateau,Technology,Artifact,artifact,Composition,C
Implementation & Migration,Plateau,plateau,Technology,Artifact,artifact,Aggregation,G
Implementation & Migration,Plateau,plateau,Technology,Artifact,artifact,Realization,R
Implementation & Migration,Plateau,plateau,Technology,Artifact,artifact,Association,O
Implementation & Migration,Plateau,plateau,Technology,Communication Network,communication-network,Composition,C
Implementation & Migration,Plateau,plateau,Technology,Communication Network,communication-network,Aggregation,G
Implementation & Migration,Plateau,plateau,Technology,Communication Network,communication-network,Realization,R
Implementation & Migration,Plateau,plateau,Technology,Communication Network,communication-network,Association,O
Implementation & Migration,Plateau,plateau,Technology,Device,device,Composition,C
Implementation & Migration,Plateau,plateau,Technology,Device,device,Aggregation,G
Implementation & Migration,Plateau,plateau,Technology,Device,device,Realization,R
Implementation & Migration,Plateau,plateau,Technology,Device,device,Association,O
Implementation & Migration,Plateau,plateau,Technology,Distribution Network,distribution-network,Composition,C
Implementation & Migration,Plateau,plateau,Technology,Distribution Network,distribution-network,Aggregation,G
Implementation & Migration,Plateau,plateau,Technology,Distribution Network,distribution-network,Realization,R
Implementation & Migration,Plateau,plateau,Technology,Distribution Network,distribution-network,Association,O
Implementation & Migration,Plateau,plateau,Technology,Equipment,equipment,Composition,C
Implementation & Migration,Plateau,plateau,Technology,Equipment,equipment,Aggregation,G
Implementation & Migration,Plateau,plateau,Technology,Equipment,equipment,Realization,R
Implementation & Migration,Plateau,plateau,Technology,Equipment,equipment,Association,O
Implementation & Migration,Plateau,plateau,Technology,Facility,facility,Composition,C
Implementation & Migration,Plateau,plateau,Technology,Facility,facility,Aggregation,G
Implementation & Migration,Plateau,plateau,Technology,Facility,facility,Realization,R
Implementation & Migration,Plateau,plateau,Technology,Facility,facility,Association,O
Implementation & Migration,Plateau,plateau,Technology,Material,material,Composition,C
Implementation & Migration,Plateau,plateau,Technology,Material,material,Aggregation,G
Implementation & Migration,Plateau,plateau,Technology,Material,material,Realization,R
Implementation & Migration,Plateau,plateau,Technology,Material,material,Association,O
Implementation & Migration,Plateau,plateau,Technology,Node,technology-node,Composition,C
Implementation & Migration,Plateau,plateau,Technology,Node,technology-node,Aggregation,G
Implementation & Migration,Plateau,plateau,Technology,Node,technology-node,Realization,R
Implementation & Migration,Plateau,plateau,Technology,Node,technology-node,Association,O
Implementation & Migration,Plateau,plateau,Technology,System Software,system-software,Composition,C
Implementation & Migration,Plateau,plateau,Technology,System Software,system-software,Aggregation,G
Implementation & Migration,Plateau,plateau,Technology,System Software,system-software,Realization,R
Implementation & Migration,Plateau,plateau,Technology,System Software,system-software,Association,O
Implementation & Migration,Plateau,plateau,Technology,Technology Interface,technology-interface,Composition,C
Implementation & Migration,Plateau,plateau,Technology,Technology Interface,technology-interface,Aggregation,G
Implementation & Migration,Plateau,plateau,Technology,Technology Interface,technology-interface,Realization,R
Implementation & Migration,Plateau,plateau,Technology,Technology Interface,technology-interface,Association,O
Implementation & Migration,Plateau,plateau,Implementation & Migration,Deliverable,deliverable,Association,O
Implementation & Migration,Plateau,plateau,Implementation & Migration,Plateau,plateau,Composition,C
Implementation & Migration,Plateau,plateau,Implementation & Migration,Plateau,plateau,Aggregation,G
Implementation & Migration,Plateau,plateau,Implementation & Migration,Plateau,plateau,Association,O
Implementation & Migration,Plateau,plateau,Implementation & Migration,Plateau,plateau,Specialization,S
Implementation & Migration,Plateau,plateau,Implementation & Migration,Plateau,plateau,Triggering,T
Implementation & Migration,Plateau,plateau,Implementation & Migration,Work Package,work-package,Association,O
Implementation & Migration,Work Package,work-package,Common,Collaboration,collaboration,Association,O
Implementation & Migration,Work Package,work-package,Common,Event,event,Realization,R
Implementation & Migration,Work Package,work-package,Common,Event,event,Association,O
Implementation & Migration,Work Package,work-package,Common,Event,event,Flow,F
Implementation & Migration,Work Package,work-package,Common,Event,event,Triggering,T
Implementation & Migration,Work Package,work-package,Common,Function,function,Realization,R
Implementation & Migration,Work Package,work-package,Common,Function,function,Association,O
Implementation & Migration,Work Package,work-package,Common,Grouping,grouping,Composition,C
Implementation & Migration,Work Package,work-package,Common,Grouping,grouping,Aggregation,G
Implementation & Migration,Work Package,work-package,Common,Grouping,grouping,Assignment,I
Implementation & Migration,Work Package,work-package,Common,Grouping,grouping,Realization,R
Implementation & Migration,Work Package,work-package,Common,Grouping,grouping,Serving,V
Implementation & Migration,Work Package,work-package,Common,Grouping,grouping,Access,A
Implementation & Migration,Work Package,work-package,Common,Grouping,grouping,Influence,N
Implementation & Migration,Work Package,work-package,Common,Grouping,grouping,Association,O
Implementation & Migration,Work Package,work-package,Common,Grouping,grouping,Specialization,S
Implementation & Migration,Work Package,work-package,Common,Grouping,grouping,Flow,F
Implementation & Migration,Work Package,work-package,Common,Grouping,grouping,Triggering,T
Implementation & Migration,Work Package,work-package,Common,Location,location,Association,O
Implementation & Migration,Work Package,work-package,Common,Path,path,Realization,R
Implementation & Migration,Work Package,work-package,Common,Path,path,Association,O
Implementation & Migration,Work Package,work-package,Common,Process,process,Realization,R
Implementation & Migration,Work Package,work-package,Common,Process,process,Association,O
Implementation & Migration,Work Package,work-package,Common,Role,role,Realization,R
Implementation & Migration,Work Package,work-package,Common,Role,role,Association,O
Implementation & Migration,Work Package,work-package,Common,Service,service,Realization,R
Implementation & Migration,Work Package,work-package,Common,Service,service,Association,O
Implementation & Migration,Work Package,work-package,Motivation,Assessment,assessment,Association,O
Implementation & Migration,Work Package,work-package,Motivation,Driver,driver,Association,O
Implementation & Migration,Work Package,work-package,Motivation,Goal,goal,Association,O
Implementation & Migration,Work Package,work-package,Motivation,Meaning,meaning,Association,O
Implementation & Migration,Work Package,work-package,Motivation,Outcome,outcome,Association,O
Implementation & Migration,Work Package,work-package,Motivation,Principle,principle,Association,O
Implementation & Migration,Work Package,work-package,Motivation,Requirement,requirement,Realization,R
Implementation & Migration,Work Package,work-package,Motivation,Requirement,requirement,Influence,N
Implementation & Migration,Work Package,work-package,Motivation,Requirement,requirement,Association,O
Implementation & Migration,Work Package,work-package,Motivation,Stakeholder,stakeholder,Association,O
Implementation & Migration,Work Package,work-package,Motivation,Value,value,Association,O
Implementation & Migration,Work Package,work-package,Strategy,Capability,capability,Realization,R
Implementation & Migration,Work Package,work-package,Strategy,Capability,capability,Association,O
Implementation & Migration,Work Package,work-package,Strategy,Course of Action,course-of-action,Realization,R
Implementation & Migration,Work Package,work-package,Strategy,Course of Action,course-of-action,Association,O
Implementation & Migration,Work Package,work-package,Strategy,Resource,resource,Realization,R
Implementation & Migration,Work Package,work-package,Strategy,Resource,resource,Association,O
Implementation & Migration,Work Package,work-package,Strategy,Value Stream,value-stream,Realization,R
Implementation & Migration,Work Package,work-package,Strategy,Value Stream,value-stream,Association,O
Implementation & Migration,Work Package,work-package,Business,Business Actor,business-actor,Realization,R
Implementation & Migration,Work Package,work-package,Business,Business Actor,business-actor,Association,O
Implementation & Migration,Work Package,work-package,Business,Business Interface,business-interface,Realization,R
Implementation & Migration,Work Package,work-package,Business,Business Interface,business-interface,Association,O
Implementation & Migration,Work Package,work-package,Business,Business Object,business-object,Realization,R
Implementation & Migration,Work Package,work-package,Business,Business Object,business-object,Association,O
Implementation & Migration,Work Package,work-package,Business,Product,product,Realization,R
Implementation & Migration,Work Package,work-package,Business,Product,product,Association,O
Implementation & Migration,Work Package,work-package,Application,Application Component,application-component,Realization,R
Implementation & Migration,Work Package,work-package,Application,Application Component,application-component,Association,O
Implementation & Migration,Work Package,work-package,Application,Application Interface,application-interface,Realization,R
Implementation & Migration,Work Package,work-package,Application,Application Interface,application-interface,Association,O
Implementation & Migration,Work Package,work-package,Application,Data Object,data-object,Realization,R
Implementation & Migration,Work Package,work-package,Application,Data Object,data-object,Association,O
Implementation & Migration,Work Package,work-package,Technology,Artifact,artifact,Realization,R
Implementation & Migration,Work Package,work-package,Technology,Artifact,artifact,Association,O
Implementation & Migration,Work Package,work-package,Technology,Communication Network,communication-network,Realization,R
Implementation & Migration,Work Package,work-package,Technology,Communication Network,communication-network,Association,O
Implementation & Migration,Work Package,work-package,Technology,Device,device,Realization,R
Implementation & Migration,Work Package,work-package,Technology,Device,device,Association,O
Implementation & Migration,Work Package,work-package,Technology,Distribution Network,distribution-network,Realization,R
Implementation & Migration,Work Package,work-package,Technology,Distribution Network,distribution-network,Association,O
Implementation & Migration,Work Package,work-package,Technology,Equipment,equipment,Realization,R
Implementation & Migration,Work Package,work-package,Technology,Equipment,equipment,Association,O
Implementation & Migration,Work Package,work-package,Technology,Facility,facility,Realization,R
Implementation & Migration,Work Package,work-package,Technology,Facility,facility,Association,O
Implementation & Migration,Work Package,work-package,Technology,Material,material,Realization,R
Implementation & Migration,Work Package,work-package,Technology,Material,material,Association,O
Implementation & Migration,Work Package,work-package,Technology,Node,technology-node,Realization,R
Implementation & Migration,Work Package,work-package,Technology,Node,technology-node,Association,O
Implementation & Migration,Work Package,work-package,Technology,System Software,system-software,Realization,R
Implementation & Migration,Work Package,work-package,Technology,System Software,system-software,Association,O
Implementation & Migration,Work Package,work-package,Technology,Technology Interface,technology-interface,Realization,R
Implementation & Migration,Work Package,work-package,Technology,Technology Interface,technology-interface,Association,O
Implementation & Migration,Work Package,work-package,Implementation & Migration,Deliverable,deliverable,Realization,R
Implementation & Migration,Work Package,work-package,Implementation & Migration,Deliverable,deliverable,Access,A
Implementation & Migration,Work Package,work-package,Implementation & Migration,Deliverable,deliverable,Association,O
Implementation & Migration,Work Package,work-package,Implementation & Migration,Plateau,plateau,Association,O
Implementation & Migration,Work Package,work-package,Implementation & Migration,Work Package,work-package,Composition,C
Implementation & Migration,Work Package,work-package,Implementation & Migration,Work Package,work-package,Aggregation,G
Implementation & Migration,Work Package,work-package,Implementation & Migration,Work Package,work-package,Association,O
Implementation & Migration,Work Package,work-package,Implementation & Migration,Work Package,work-package,Specialization,S
Implementation & Migration,Work Package,work-package,Implementation & Migration,Work Package,work-package,Flow,F
Implementation & Migration,Work Package,work-package,Implementation & Migration,Work Package,work-package,Triggering,T
